ID,Prediction
0,-1.5213220793188826
1,-5.376933906617045
2,-1.3599352118658077
3,16.143210370033128
4,-8.091588711793952
5,-6.2505400426875655
6,-2.010480487544986
7,-9.269143157917346
8,18.07158229094423
9,5.5089806443595775
10,-1.226928258045949
11,-4.467205847628951
12,-0.5311400639725196
13,-5.402773291285006
14,-15.382001577834194
15,-2.679452821718745
16,-13.17146836718391
17,-2.1123881792004555
18,-3.720833196762645
19,-0.5194521834741624
20,1.1076840278924704
21,18.52192811827447
22,-9.514118688305166
23,7.4743449663169725
24,-4.92815912140711
25,-7.145662042535581
26,8.743450453454011
27,-0.6286861951871049
28,0.9983138316038332
29,-8.825262075308705
30,4.2824668844910105
31,-0.26837476357556966
32,-6.679062869111907
33,-4.155612051559705
34,11.602869168243865
35,-1.503941153631307
36,-8.230820228128755
37,-17.316571063755394
38,11.530280357544166
39,-2.2898663045175214
40,14.096724442582877
41,-3.7712282593319957
42,-16.415857660151662
43,-9.590067943011922
44,8.7814500434288
45,4.524178685251651
46,15.795591531784135
47,12.92864635529943
48,-10.83489270748712
49,-1.5938923114558508
50,-3.986602460888638
51,8.300168779948331
52,-11.23818065496605
53,-10.752025612890497
54,15.249797374992818
55,0.8867061905534922
56,-11.110968794096584
57,-26.382729593834686
58,-17.399087000081156
59,-14.799948434268549
60,0.7024541266378276
61,-14.859414632954644
62,3.189223720594579
63,-5.810409004559436
64,1.9287667995404503
65,-8.904110549497522
66,-22.140675943086055
67,-5.124925056621099
68,4.640495476043749
69,-4.417066123192375
70,-11.126657916066938
71,-11.666007549152232
72,-15.162391811688826
73,-13.401910243268025
74,-13.515448182737122
75,-17.902441825269737
76,-7.918299681873099
77,-13.796236814976032
78,-0.00518081803145265
79,-6.898300540341073
80,-3.658287252648255
81,-18.17971580736091
82,12.742933099058769
83,-3.028407396111537
84,-18.40298927409592
85,5.367621868774701
86,-4.910300311564673
87,6.570085957041125
88,7.137526595449368
89,-4.650408844772277
90,-3.6808920722182608
91,8.396140968080113
92,-6.377607076552043
93,-14.871256372836319
94,-17.288856493403248
95,-8.5496007137285
96,-0.22030425693035227
97,-3.014061659442153
98,-2.6537682430693836
99,-1.1467477288474344
100,-8.167448968441454
101,17.18270528664109
102,-13.07396835830284
103,-3.7088941334154457
104,-13.360570590586098
105,-8.135459627177147
106,5.263646786684627
107,-0.5250913260283357
108,-12.337422977434903
109,-14.59981078639746
110,2.019566743188558
111,-8.389058634741081
112,-1.1373246961338497
113,3.763618943475673
114,14.844015079459064
115,-2.5183338728420255
116,-11.035403483232107
117,17.148387909942837
118,-2.379204878332506
119,-15.827546027328458
120,-4.871241892579268
121,-3.545378162669725
122,1.2182239388653455
123,-16.320133191189118
124,-21.756043981554715
125,-17.67676852994143
126,28.187354907773422
127,-1.0060233121234647
128,-5.023977348469065
129,-9.123455666305267
130,-5.739021527201179
131,-11.542043873250327
132,6.615637786741014
133,-9.230691537022244
134,-17.821819583668432
135,-15.132038843588338
136,-9.744592268226802
137,-0.25613063330681485
138,19.371874453582702
139,-7.332924797502959
140,-8.225053494858434
141,-20.039877554259395
142,-15.846275245468382
143,-2.503097942338603
144,1.9644256749548061
145,-18.526718281483657
146,9.428453826031296
147,-15.5718986991046
148,-6.566468827766106
149,-15.18524944555927
150,-33.385786533162424
151,-10.938351111121369
152,-15.195272209869904
153,-10.693495802289794
154,-16.2062977445207
155,20.00530704401515
156,-10.16648231421775
157,1.5912427480821192
158,-10.809050976727553
159,3.4307888901671744
160,14.03819270311717
161,17.357201897357097
162,18.430970303805704
163,10.826445925132726
164,-3.8723787135399776
165,1.5024324487121943
166,1.4612695420096555
167,-22.072326086330097
168,3.369127648165228
169,9.180814429302268
170,-5.968844525215421
171,-6.051124082516229
172,4.406971820788864
173,16.883408684751455
174,11.908499394005071
175,-11.941414421583863
176,3.363661679908115
177,7.113354210891454
178,-22.92213273861123
179,-4.1746669723756655
180,20.08936755395271
181,-8.049623711496201
182,-13.460974369642349
183,-11.403284628487631
184,-6.540099222841012
185,-1.0220342583520265
186,-11.974978342718236
187,2.3124645608113736
188,0.5889465962177621
189,-7.376691890260621
190,-11.77061194651967
191,-6.938221753360698
192,-5.994448224380425
193,-8.835526718309188
194,-3.8414296207201675
195,-4.78330446555717
196,-16.43203257917364
197,-6.096266993911262
198,-4.195839731867157
199,-6.694096120091193
200,-4.9726675212500355
201,-5.598754633941529
202,-16.3732522696441
203,18.37039048612476
204,3.541755937898894
205,-1.7424563768558743
206,-10.733844769852544
207,17.4482535081552
208,-8.70733650798636
209,5.6385719746417875
210,-8.271981627267882
211,-17.77270268176969
212,-2.1915209165362954
213,-3.943485466626929
214,-15.105587101421838
215,7.448115997894344
216,-21.52724556666269
217,-15.62256000468867
218,2.5201067850546464
219,-13.496384789895705
220,-16.628805789872306
221,-13.722540182370244
222,-9.281233994022363
223,15.511151333915473
224,-19.059988374162888
225,-1.7281557236424065
226,-4.126677159188579
227,-5.914016470662749
228,-7.675982176341198
229,6.211656456043353
230,-14.897494805297788
231,-4.124974694688238
232,-7.824460532842271
233,8.488964572626651
234,1.7987836933303027
235,-11.053533621259225
236,-17.22518331262788
237,-12.429119668711314
238,-7.107059246193306
239,-11.798092674248869
240,-6.959561133684905
241,-12.621973362761741
242,-15.242347743483583
243,-10.687035825034831
244,9.383279182075308
245,0.7555116266899188
246,-11.981346497948357
247,-14.205106744131148
248,-6.7799396435252435
249,10.25856821610139
250,-6.185467257945196
251,-5.544568538140514
252,-14.160388376516925
253,-6.16416625724148
254,16.31457845138132
255,-14.257992358848673
256,-14.62714761568302
257,23.445002601624335
258,-17.124104431920816
259,8.450790508045907
260,10.112198896979203
261,-9.444787219374552
262,-3.396392038195221
263,-3.8745149251749114
264,-4.863809635312895
265,-18.748769967372457
266,-4.5980380382111194
267,-3.637271546516307
268,-3.5795589837652857
269,17.347507685501593
270,-6.919829299433762
271,-14.781185119106771
272,-14.897978054100781
273,-9.068376803805654
274,-21.105163282208625
275,13.557435058689657
276,-5.4534496262990375
277,-27.72956250279228
278,-8.846711713532818
279,-4.514161169040084
280,4.7690953198275805
281,-5.6994615184989685
282,-2.9304744567934664
283,12.40101822455838
284,-14.982698395454895
285,4.563377017880636
286,-32.95205782364335
287,-12.524338749207777
288,-10.73737555585601
289,-13.793030018118293
290,-0.9466747160626926
291,5.077199895069977
292,-15.288273444358742
293,-6.4421031573788
294,-10.996276495792221
295,-6.6291542824433
296,7.9113369277390815
297,-6.746341014136736
298,-4.9961512453150805
299,3.1087838089597666
300,-1.1665495143874738
301,-0.6015893772650759
302,-0.19646312891925277
303,-8.308595612517342
304,-4.37076049865252
305,-8.376868718354194
306,-4.873089276211862
307,-15.437409990897754
308,-19.373598749166806
309,21.241511657183334
310,-4.713839017494569
311,-8.452427454872554
312,4.054689274772069
313,-1.1365825285315383
314,-25.75340187520621
315,25.46527572759535
316,6.9165923331329635
317,7.813421704780263
318,-15.972768700863048
319,0.6505400124479149
320,-2.6553247500400845
321,-0.9411659539659684
322,-6.529396077774412
323,7.564092066768832
324,-10.821272527685755
325,-0.15288835574253767
326,-2.388471978978008
327,-12.035653776501453
328,-2.576318700466321
329,0.579430529030584
330,-5.139966109187729
331,-4.330964213074343
332,12.415906610098796
333,-1.0658754747835006
334,-5.4246683355354195
335,-9.291340696238398
336,-6.468544952388105
337,-8.044497339250915
338,-10.191391572518546
339,-1.8318574917979946
340,-8.866027705002557
341,-12.393871935220409
342,-11.614054964797992
343,-5.116267636084079
344,-20.23558797930443
345,11.573847832960405
346,-15.406465085390186
347,-8.192911748917572
348,-15.870238242190203
349,-13.697945697639147
350,-10.029515258523565
351,6.941645764045485
352,1.3984552348106503
353,7.012251316502922
354,16.26153550183974
355,-5.497956310510266
356,-1.3470757860127138
357,5.519336584486179
358,-18.571174974341805
359,-6.928399394016172
360,-4.931075215737541
361,-12.610210753732167
362,-12.165361238161926
363,-20.001930172420064
364,30.173681669214172
365,-13.16197603197495
366,-25.034291741250374
367,4.1319219519546335
368,-21.794671005598023
369,27.8478373820931
370,-6.684272065430808
371,-12.198106838782655
372,-6.832107211960168
373,-4.470027534009636
374,-12.016905486520477
375,-8.523536712386408
376,-9.001949700741966
377,0.5323637253423169
378,-19.399081261195054
379,4.8913300693179975
380,-1.0858260649474447
381,-3.060411256606561
382,5.148975388586702
383,-4.134863894787007
384,-3.4272290738467506
385,-2.2320253224884015
386,6.141032064335174
387,-0.4233493260166813
388,-3.5665100566543275
389,-6.1295582178686105
390,-9.997087893679668
391,-2.569895483172762
392,9.070192446604574
393,-5.5635598772309764
394,-14.520854202233272
395,-14.201528727438449
396,-13.585546351830521
397,5.902175649910556
398,-4.5137829145528245
399,-17.681599442917534
400,-11.88356267173433
401,8.20876586403258
402,26.164266561835145
403,4.329236683531714
404,-0.4509261368297973
405,4.469900206784156
406,-7.778290076939332
407,15.125169243465757
408,-9.740343311926585
409,10.518915555561785
410,23.311186046155424
411,1.3169898899086787
412,-4.675274551704637
413,5.176428099770898
414,-0.13019876034693312
415,-2.9545716531033337
416,0.701365895589812
417,5.118648661052727
418,12.089403958790763
419,-10.50539256123418
420,-15.126977708166555
421,-4.479142541893883
422,-19.73463081891666
423,-25.484391124802162
424,-13.629389264526685
425,-6.978340621215897
426,-7.1673252875566265
427,-14.040737197930389
428,-17.724299117238363
429,-8.741759024720045
430,-5.026326259050141
431,-2.1704840188926697
432,-9.279277593979236
433,-3.341404294411835
434,-6.706086905125152
435,-5.38026035147593
436,10.130683763784214
437,-2.802289478009219
438,-4.519774662897793
439,-12.121909747507265
440,-19.127358649047412
441,-14.720820724583495
442,-9.5343011865584
443,5.660428353731301
444,5.606916814719194
445,-25.868670467823424
446,-3.7930766367387365
447,15.1295344717744
448,2.25880861168073
449,-21.33703082201598
450,3.2744660356215958
451,3.846018213449976
452,-4.297966866482487
453,-1.8065396737933712
454,-6.758715298773926
455,-8.664934744845118
456,-6.107297664469546
457,-8.39446445500696
458,5.766590709232356
459,-0.25877641683061825
460,15.668893903040521
461,-4.657027715171329
462,-0.45132642509813536
463,-12.404046001122401
464,15.34179938944319
465,-14.156614036111455
466,9.032005667505041
467,2.7501224822049393
468,-16.96112509971633
469,15.582441262036378
470,1.8897724693283875
471,-0.5030168363113933
472,-3.4449519423260186
473,5.1158726504022765
474,-14.462470769768037
475,-2.4250668672980042
476,-6.535002355599748
477,-5.2750746714877765
478,-0.3207690213671174
479,-12.172898824108847
480,-2.231199124764747
481,-15.559519457608507
482,0.23670208970136286
483,-11.333810537077147
484,-12.871533502869601
485,-9.862025169734329
486,-5.291783078936509
487,13.147897948753348
488,-14.380430714545104
489,-7.255504481110141
490,-13.234852998488781
491,-10.950722046231453
492,-12.134423414538537
493,-17.3621266228615
494,-18.387789655359914
495,-6.009098591095129
496,-18.470345362969486
497,-4.2246393689292505
498,-17.527453850010236
499,-18.378870056441404
500,11.100627659017869
501,-6.980937339957085
502,-2.6589962958619013
503,-13.438969111264191
504,11.754585450988111
505,7.100443538500964
506,-21.402516458346756
507,-11.169551389663388
508,-20.842702727633398
509,-13.1064887823263
510,-4.832108251075145
511,-0.3994890254439031
512,1.482605995903465
513,30.96597383663791
514,-6.439051050708689
515,-14.711917517949109
516,23.532171958150254
517,-22.988255747120522
518,-2.241774841697837
519,-16.46604986464033
520,9.3181432327415
521,-12.967548206525384
522,4.808424733874314
523,11.221303113488853
524,6.4133657972111235
525,-11.354207566904256
526,-10.13153942426968
527,17.404388417450743
528,-10.700437046472393
529,-3.011702735169341
530,-8.854651194205394
531,-10.792760417744352
532,-5.050333804277192
533,2.256504636714932
534,10.013331687031519
535,-10.612149126449799
536,4.326884423527214
537,-2.086471933323513
538,0.40079984486012676
539,-12.810394573540611
540,-2.1814395192300013
541,5.039139509789972
542,11.322103595457088
543,-11.403441891710349
544,-12.150786604627205
545,-3.779841364731941
546,-3.7683544977003054
547,-11.15013174887415
548,-0.5925995672991792
549,-6.640655100935395
550,3.3761162453706914
551,-11.468179334961382
552,35.106619020962306
553,-2.565380440433249
554,8.375880999783954
555,-30.42209726694043
556,20.57415866745387
557,-1.1365687308629946
558,5.266993225520788
559,22.055032292976218
560,0.32084750479909985
561,-11.987327142317985
562,6.808229189925465
563,-12.407181167910016
564,11.225620597170769
565,-5.170507798361062
566,-32.05068877423171
567,-11.566372754924009
568,-14.803108257034614
569,-2.7474423648104436
570,-13.635456305007642
571,-10.518945107613467
572,-12.109796499047183
573,6.949729026861884
574,-16.01661187339275
575,-3.248303889862176
576,-8.944986182713796
577,-4.869820201734886
578,-9.552808471347339
579,13.909074600283157
580,-5.025818570765726
581,-13.283988533090882
582,-20.14693305275384
583,-7.226341331285288
584,2.7961739606833147
585,-7.843628938854612
586,-13.532343624195596
587,-6.466702516890995
588,-4.182722903767602
589,-12.15046971524996
590,11.263667311743598
591,41.958809929208165
592,2.902086169091059
593,22.580760271544047
594,-18.775620297726594
595,18.07477226688709
596,-3.4753004042081317
597,-12.938318573080755
598,-9.121640880976406
599,-11.462267379969012
600,-1.9526082972851997
601,-7.9002311667058835
602,-2.701807884867752
603,-11.308915469320231
604,13.098578082590643
605,6.339993925814293
606,-3.9537397956118854
607,12.955877043423493
608,-6.245236308491688
609,-9.878787842955239
610,2.066339030459427
611,-4.537202848080118
612,-4.432829607909274
613,-9.108390454802679
614,0.21611246597469858
615,-4.052605263347208
616,-8.215069107137856
617,-12.75423578965317
618,47.34284279804822
619,-14.61819017239984
620,3.0972976271273422
621,-5.25357525662091
622,-9.789550498887797
623,-20.32138655693186
624,-17.24926537405233
625,-20.748987706030196
626,0.29269368663565387
627,-17.222774756419742
628,2.3968918225850997
629,-6.1818220467052685
630,7.598787051416845
631,-16.491427507132787
632,-1.255296084593259
633,12.191303923712235
634,-6.081227463558638
635,-3.5758101724445384
636,-2.1881485153212212
637,-10.409837717661935
638,16.322335052411088
639,-9.011077924801134
640,-10.457301692819305
641,7.80929428476045
642,0.3413357137415244
643,-17.69727449313675
644,-9.58436680781549
645,6.8169714160935895
646,-15.803584356710848
647,-8.221133689444718
648,-3.3115829079410775
649,-8.662436068937927
650,-9.502226300207871
651,-4.832711064180761
652,3.8903894773407286
653,5.572321631287674
654,-3.312342982964286
655,-5.400384232910686
656,-14.960282158037876
657,6.43090844798328
658,19.101019606835532
659,-10.453175668403196
660,-0.00037177948658950744
661,8.760116154867342
662,-15.135271927639655
663,-16.253315641027687
664,-3.673244173668512
665,6.112606453608374
666,-8.017776618600214
667,-2.7438314855603254
668,-6.588253800860888
669,-22.43017896109402
670,-20.368809366712842
671,-9.033912390979344
672,-2.658251138986974
673,0.6086745003945236
674,-5.662578218891643
675,-0.509399218955399
676,-3.083428043058551
677,-8.98609150626587
678,-21.392320076306962
679,-23.688900229706153
680,-4.109962007259104
681,-3.499763454331945
682,-2.5965850018014622
683,-17.095475620349564
684,7.738918360977801
685,-20.179604808271936
686,-4.442279710442539
687,19.2432830721996
688,-7.264104472835673
689,-18.990230670874983
690,-12.367887437119384
691,-8.54443846861202
692,4.522744918939249
693,-12.866584003864295
694,-16.030083095974508
695,-16.157633158609745
696,-6.312738642378894
697,-14.161786653178273
698,-8.971225688534537
699,9.333862292411391
700,-12.335403273825682
701,-0.3118147471145437
702,-10.258270443168362
703,-10.699504303897333
704,19.884283851116177
705,-11.583952881823711
706,-9.215172460886128
707,-9.683346821305781
708,3.4762012977548933
709,0.12808597327832671
710,-26.18450826910291
711,4.088245639586854
712,-3.8315367919908327
713,-19.270665061670545
714,-12.71550934071954
715,-4.980751026132087
716,-5.922766611793553
717,-6.967192211689029
718,1.7601185498656617
719,-14.19261561176379
720,-6.488408765408598
721,-0.21397401741385125
722,14.844776416115815
723,24.694134885805536
724,2.4916303330260474
725,-13.563344512775506
726,0.025219940680041186
727,-0.14831224262659248
728,-9.602638831170657
729,7.551272947248914
730,-9.234909833734923
731,-3.786511121803845
732,1.0487057202076597
733,14.155252583546394
734,-5.091035207920389
735,18.123232440691506
736,-12.301759928419846
737,9.05274001993032
738,-4.812934880874285
739,-18.19207859665355
740,15.29663123686944
741,10.191525337286771
742,-2.7352967721971924
743,-0.5866047880822168
744,-2.894343575564993
745,-12.165227537728674
746,11.453285393690999
747,19.317636163009436
748,-6.956608074874997
749,11.841854209511462
750,-3.530084285088809
751,-5.112589402106527
752,-14.380947115137564
753,-1.9234749857045914
754,-18.8899059228165
755,-12.493350082646861
756,-2.246723763753356
757,-7.210657988857268
758,-14.759912622203478
759,13.218307571110495
760,51.98553431069083
761,0.015684701673843615
762,-9.968459130937367
763,3.51837896014015
764,-6.583101918403803
765,7.335957132676891
766,-2.2651188029435376
767,5.157433666719522
768,-9.45204672392581
769,-14.69919297508793
770,-4.611764050162923
771,-3.0857327908738386
772,-3.515579204142772
773,20.406248602047096
774,-7.789759138232033
775,-1.389613478515888
776,1.6929638918295735
777,-12.179274301438886
778,-12.991081656696656
779,5.215462552196665
780,-3.6901400429864895
781,-7.345267203459547
782,11.00334273375213
783,-22.039700196193255
784,-1.2784856167008671
785,0.1303688445332466
786,-5.084478455027669
787,-10.609502580528419
788,16.740330376799673
789,-1.386813856142429
790,6.610812047981223
791,9.40424588420185
792,-9.637184884792509
793,-8.781717471475963
794,0.2617359565142817
795,-18.009851569483065
796,-1.8070356665489031
797,-0.7823043524822185
798,6.437472536143583
799,-5.939416661217796
800,-17.673057608234988
801,-8.3918196608706
802,0.17455323301058
803,-2.0267210641099824
804,4.999752312473471
805,-11.198413596243403
806,-4.963644111644929
807,-1.97614278535318
808,-3.793954312484833
809,-7.132325091398319
810,-14.962639951175765
811,-6.817440837004573
812,5.231968804198483
813,-7.818353102583818
814,-2.1608702642292643
815,-10.693225975262498
816,-11.828328768238384
817,14.967742272596093
818,-5.593564640075759
819,-9.433028605043068
820,-11.409294161838693
821,23.51894565328669
822,-7.983641724374569
823,-9.897350275681196
824,-5.545008962613314
825,-6.294888790249819
826,-9.980645759035246
827,14.88624710903107
828,-10.583517615671985
829,12.14768975361269
830,-3.450089480819746
831,-15.764650503018379
832,-11.15605295358589
833,-14.053770346744818
834,-9.257050620824407
835,-2.306803171604291
836,8.33337658994949
837,10.850708118114676
838,-3.893337817192763
839,-18.862847432651936
840,6.576239898539849
841,-5.504882088878252
842,-13.46932491664345
843,12.463241855421098
844,-11.33158730044804
845,-10.342800290429727
846,13.283925416065836
847,-4.284915607880042
848,-7.175129223598991
849,3.67287993273069
850,5.469922791657633
851,-15.02361333987526
852,-15.842426006488926
853,0.9789125623078928
854,-14.112567565689892
855,-7.413300131396203
856,2.607753879709004
857,-13.676886934180834
858,-7.230024655874762
859,-7.528510183030879
860,28.088976659161542
861,5.445151496878704
862,-3.9691542358614003
863,14.823998123615207
864,-10.330483633067592
865,-13.50117135148182
866,-3.016384174200515
867,-3.8498643404800292
868,-8.898905672482647
869,-21.392878004318366
870,7.322101912867335
871,1.345687647811725
872,-2.8837685337489107
873,4.104496870385925
874,3.142971698234329
875,-13.178793546391239
876,-1.4482528726034376
877,6.553374645558985
878,-2.933726857606847
879,-18.46164312376229
880,-16.401610958214835
881,-6.729213714796491
882,-13.909013224886143
883,-1.656365318276106
884,-13.5853914292961
885,-18.70298641737779
886,-3.060472012351487
887,-9.970228160584588
888,-0.6371846632732502
889,54.02589026902981
890,-8.526284760152953
891,1.0310252521187762
892,-5.701223102728794
893,-0.5774552080715455
894,6.5444433571324465
895,-7.31584235553871
896,-7.463819839858364
897,-1.9193963261597888
898,-0.7674712998209304
899,-11.700210228769242
900,-5.661789946651401
901,-2.209879755710948
902,-21.120739993882555
903,-8.91609851757355
904,-5.570045770580212
905,-21.871710789573147
906,-1.544265979964142
907,10.109838482770579
908,12.715393775706184
909,-20.667371639675796
910,5.25207593304233
911,-4.002845598978614
912,-2.6953097565769655
913,14.648867592066859
914,-5.925078007190199
915,-3.0347214683201615
916,6.287975653344826
917,-9.75878523701474
918,7.564351006585208
919,1.896024333877473
920,-6.218749439628913
921,-21.112256040565146
922,-14.27010651600492
923,-11.174544200336163
924,-6.580014440533408
925,-7.635226034638866
926,-6.809922026719026
927,-3.454987932387188
928,9.686274810944292
929,-3.9737322424684622
930,-10.162465926908657
931,-12.956259862755791
932,20.17509980618618
933,-6.2238493365311784
934,-8.70790455889935
935,-9.39643429568739
936,-16.480565472565534
937,-11.52076395101219
938,-25.653332447281603
939,-22.35922720655569
940,-10.62845854823397
941,-9.934584925214471
942,6.175635638931932
943,-5.963216587932469
944,5.9613850504397545
945,3.645432683325022
946,-15.695313864176091
947,5.933818048887157
948,-9.61802010621293
949,0.7765883653624098
950,18.148580503432893
951,-3.154430059849777
952,14.336473003124434
953,12.58708521510132
954,0.3938233023223131
955,-3.2275113509267372
956,9.26186712267022
957,0.834675145867119
958,4.387827433668714
959,-18.53969938902762
960,-3.8129658259599397
961,-5.021905847702759
962,18.51158475718196
963,1.3720039859122393
964,19.37473256845035
965,-5.52936600954988
966,-7.647259523769638
967,-2.668068316447237
968,-10.24506485235131
969,-4.220912922437013
970,-2.8344040487567996
971,-6.341111979002084
972,19.208323229603504
973,-5.970890493834735
974,0.4049450032748848
975,8.976927464571895
976,-12.968374539681895
977,-10.370384520819675
978,7.193759917556714
979,-1.160094882818588
980,-1.232643887357857
981,7.246421094842641
982,-0.007363248980913117
983,-11.72313450899353
984,12.485486400710238
985,-12.877730631598274
986,-9.928505420475153
987,-7.525840667739861
988,0.5769090224325976
989,3.3776238463447283
990,-11.526042313053471
991,0.44674937501488443
992,-2.98295691797009
993,-7.361828378524909
994,-17.519333558542233
995,-16.230649985129705
996,1.7281851765751766
997,-0.606275533777283
998,-10.495985775650729
999,-3.9073619173773055
1000,-7.279878114089546
1001,5.207524663886512
1002,-2.474233605701987
1003,-14.737557031919527
1004,-0.5621668828712006
1005,-13.777880695029557
1006,-17.422581491256526
1007,-16.485333142905322
1008,67.47169415242084
1009,-16.693349619744797
1010,3.114506603899396
1011,-4.546221115220736
1012,23.461928794675284
1013,18.80112755957148
1014,-6.114789450733473
1015,-16.598862428583264
1016,-15.97211573148113
1017,-16.258098319973644
1018,-19.679638595026947
1019,-16.137826555227978
1020,8.77345462025985
1021,0.4446983733974105
1022,-8.390879140950778
1023,13.352621675918295
1024,13.76654815823033
1025,-17.380536804550022
1026,-4.583725871116688
1027,-3.3287654420859996
1028,2.253545159313968
1029,4.047737602687017
1030,6.980770018363752
1031,-24.141633821316166
1032,-7.505678680841332
1033,1.1749294135634285
1034,-15.753771675097118
1035,-4.4448444760641665
1036,16.205963056271255
1037,-7.073005305443961
1038,6.475389208465027
1039,-12.83471681557919
1040,9.628636673159486
1041,-10.353596642141815
1042,-15.242275838434102
1043,-20.74628121310113
1044,2.685812503161311
1045,-10.28588883151358
1046,-3.351776779032183
1047,-5.814925403772098
1048,-2.51094077747391
1049,-19.132558659899107
1050,10.767811396921866
1051,-4.848691385982396
1052,-2.73598029750426
1053,-9.178261133281444
1054,-0.7332323273421696
1055,-2.4319282146907186
1056,-8.124277329096435
1057,-5.5870724243586425
1058,-4.767445114816359
1059,-14.55553959828419
1060,-15.26279425167329
1061,-10.843040147835813
1062,3.9741876916697505
1063,-3.898300413130504
1064,-3.2176663555260108
1065,-18.257641083400333
1066,1.6238027625923008
1067,-3.576460058218321
1068,4.316651992794074
1069,-7.715147156108718
1070,-6.020554691389838
1071,-17.226288065866786
1072,-3.708414699709441
1073,-5.111368363156974
1074,-5.918194472024401
1075,-25.974674510199723
1076,-2.5544123764279663
1077,-0.5753599254448761
1078,-2.769647158733709
1079,0.9538434922056024
1080,-5.518043229394128
1081,6.883115168427618
1082,-8.867168041251238
1083,-6.406864729678522
1084,-14.396790969428798
1085,6.084533852572828
1086,10.492852922771272
1087,-6.7580366557390095
1088,-10.03026557595283
1089,-8.692046321698603
1090,-15.493041349438931
1091,-2.1423119133400848
1092,-0.44182876701549845
1093,-7.1734010593649815
1094,-7.065663229773667
1095,-6.339960940035302
1096,-8.60077385249267
1097,-20.917707965070324
1098,-4.970485657165658
1099,-3.23778935005564
1100,-2.8964494961873912
1101,-6.449060933314262
1102,-21.24939032986501
1103,-4.419083657515306
1104,-11.913024131673842
1105,-7.356236633154798
1106,-17.197458643863204
1107,-13.390520152400745
1108,11.41427092753977
1109,-20.958240688807084
1110,7.235520743587609
1111,-16.807340460188673
1112,0.9099518665343805
1113,-7.968593583033429
1114,20.81865045219322
1115,10.449409159259654
1116,-2.4852812352496345
1117,-12.950544731359946
1118,8.121282857921665
1119,-7.413756544170131
1120,-8.465424575887914
1121,4.136259619161616
1122,-4.300347747160207
1123,-9.140267903690505
1124,-2.5901478526938932
1125,-0.46757654113080094
1126,-15.807475881897949
1127,-16.860677584154903
1128,-6.5045831627662425
1129,-11.03687460542958
1130,1.578070354580201
1131,-9.834942933550769
1132,17.584804426624057
1133,-5.102125592037713
1134,6.860150719992158
1135,-12.993703038813214
1136,-17.61463512066209
1137,-4.849756634771869
1138,5.0597951109791905
1139,-24.244196695853564
1140,-14.959855766587202
1141,-1.873423573436388
1142,-10.964022344238833
1143,-6.268677056309092
1144,-1.9476655379944292
1145,4.4864908288227765
1146,4.113017659616641
1147,-8.30933262925962
1148,3.5435095729531225
1149,0.5539009452395715
1150,-14.004188074568878
1151,-0.44668979321179336
1152,-29.639647437224514
1153,0.983061876422222
1154,6.420345836222192
1155,3.2291258387690744
1156,17.78744991691499
1157,10.312242804403036
1158,12.376089886063278
1159,-0.9436237105914859
1160,-2.863049646358353
1161,8.952325860144379
1162,3.556984406018752
1163,-4.939858858700494
1164,-2.121676098134661
1165,-13.373059109982455
1166,-5.135440142917081
1167,2.462734328105877
1168,30.057724705298394
1169,5.227369694538107
1170,-19.396985627804927
1171,-5.067628369581574
1172,-14.382035540238098
1173,-7.446603724124974
1174,-14.217808466241399
1175,-10.285696029467067
1176,-8.849180008706275
1177,-6.051231929628078
1178,-5.262320835135573
1179,-18.554029072959995
1180,-7.680474900057992
1181,-10.70091976344836
1182,-2.0522174520060377
1183,5.9270956592049755
1184,-20.901848031589427
1185,-0.563385164103214
1186,-9.87057636246252
1187,-1.0720385274612214
1188,6.579542493680061
1189,6.477976388452158
1190,-17.462915861836766
1191,-1.7655230220693499
1192,-2.6935885734708096
1193,-16.2481452360357
1194,-5.886386345987806
1195,-13.657534251222819
1196,-18.09604923151662
1197,17.682354977928778
1198,5.184226076298297
1199,-15.35221553837025
1200,-2.185952506656098
1201,-0.0477303705860993
1202,2.2728194831079476
1203,-14.155859534694605
1204,-10.85497924182207
1205,7.953900680862286
1206,6.579653408235141
1207,-15.74019701190034
1208,-2.773966106797592
1209,25.466369402210628
1210,-0.9654416706239078
1211,-11.254407191284804
1212,-20.606637073618433
1213,-13.385524339998005
1214,8.977718575607037
1215,8.2699307348071
1216,4.933833488895767
1217,-5.286409463001722
1218,5.139792396944837
1219,-21.817577448814948
1220,-7.221718568738628
1221,0.6170849188847808
1222,-21.43663798541886
1223,-7.028471843009787
1224,1.3094557219569891
1225,-17.984078152788673
1226,-1.098563015392732
1227,22.826261596703514
1228,-15.941855085065503
1229,-6.357142890488352
1230,1.4692365611386107
1231,-13.33238336687234
1232,-15.088169103204086
1233,-4.283780024339625
1234,-2.072544678669577
1235,-4.521843670901011
1236,-0.5659224188743553
1237,6.777244333616433
1238,-23.816843199326716
1239,-19.890523300380185
1240,22.914233762285246
1241,2.973845386675772
1242,30.034779519573046
1243,-14.051127749510192
1244,-7.0842209204724655
1245,1.8212404827422928
1246,-10.582248126702757
1247,-8.575241894162422
1248,-2.404188002387831
1249,-9.074998649120493
1250,-20.911720588944693
1251,0.37598347620135086
1252,-16.338938311087507
1253,-23.467876654578024
1254,-3.03878336208479
1255,-10.594803260568801
1256,-5.667462705258434
1257,7.884670923552245
1258,-20.818603393242913
1259,-10.747317492609431
1260,-0.6185602400059668
1261,-15.548296592828114
1262,-1.1758010433179367
1263,-2.763440986427189
1264,-9.524997217712075
1265,-12.601891648525884
1266,11.683682472603346
1267,-2.63810561239777
1268,23.088651306470208
1269,11.977840173352456
1270,-9.000747291128823
1271,-0.28319432704527003
1272,-5.570531805425593
1273,-2.0592010657678417
1274,-19.21991438308348
1275,-7.788644354879101
1276,-7.775076790269371
1277,-27.46453449359203
1278,-11.04799185162799
1279,12.579133153102271
1280,-9.570819387752158
1281,-12.807525746854003
1282,-7.351712660863517
1283,13.237786627409628
1284,1.7260040645928951
1285,-6.534046470974748
1286,-10.209237817389726
1287,11.104798330987729
1288,-12.889140239512448
1289,-9.488598643710679
1290,-7.175140968106892
1291,-1.1638984458927313
1292,-7.3043871223849
1293,-0.2602533195022022
1294,-11.499972977813263
1295,-10.557188076656052
1296,5.584746157899668
1297,8.809520311303936
1298,0.4074699924226718
1299,-19.296827929759704
1300,-1.0072755484611422
1301,-10.531780828308433
1302,-5.3077734787543465
1303,-6.46931409382339
1304,-4.113853750488009
1305,-2.074601890906682
1306,4.070393088555217
1307,-5.443884747995047
1308,-7.494217955600537
1309,-11.809483566682934
1310,-16.402161816955843
1311,-9.844626852938267
1312,-2.924620357270645
1313,-6.011027763488504
1314,-10.749451328675127
1315,-17.538837358075828
1316,-10.89321443752076
1317,4.488929293157095
1318,7.3129698912412335
1319,28.95301617453256
1320,10.995089831872088
1321,0.9139660914302351
1322,-7.556441098027311
1323,-8.814209464062037
1324,-14.991468697181949
1325,-5.26354431726529
1326,3.228721447988188
1327,-8.176326682619651
1328,36.61609040918122
1329,17.425241761957036
1330,-13.22356752356925
1331,6.64175997811392
1332,-5.579099404992552
1333,31.37642297409459
1334,23.230029883902287
1335,-5.788730836463832
1336,-15.152943850971928
1337,-4.412588784658941
1338,23.615131805106127
1339,-6.363034916128048
1340,-7.870509082380043
1341,-14.789372096742659
1342,23.422084302724468
1343,-14.488249498975597
1344,-9.456204181486532
1345,-3.849922551653866
1346,-19.200348968282444
1347,-13.904172724450722
1348,-13.907533399776616
1349,-10.982120097096844
1350,-3.775356758583688
1351,-3.6196463029604944
1352,-2.7232428697070405
1353,34.33492694261033
1354,9.652926701994625
1355,12.644703011925253
1356,-15.567231557475202
1357,-16.56365711201622
1358,6.027011768198942
1359,11.2570117921646
1360,-11.718150893728739
1361,-16.83666035536905
1362,-4.369044498118886
1363,3.1079234620233605
1364,-17.54264423994889
1365,-18.713383216344912
1366,-4.5620097449623005
1367,-10.688546634966292
1368,-4.307611634188537
1369,-17.23749144066412
1370,-13.11946994664729
1371,-0.5518131793521422
1372,-3.3477214412996306
1373,-16.578143478562627
1374,1.5375000048930145
1375,-3.466328719732222
1376,11.77986489378011
1377,34.24888644279829
1378,-18.838160747048708
1379,2.955523640553589
1380,-15.181218242489626
1381,-3.159891509857947
1382,-1.0181003537158846
1383,-2.735269919553933
1384,-10.917381246842046
1385,-21.82370614057206
1386,-11.947596701971156
1387,-7.675556205101633
1388,-2.3330364832223482
1389,-17.774229108342727
1390,-1.11721292359059
1391,-14.281118381345982
1392,-13.288078346536599
1393,-12.495147985258404
1394,13.084091829357044
1395,5.034014408994177
1396,-7.743374356692105
1397,-7.976115608369104
1398,-7.029814081406106
1399,-10.801496698064943
1400,-7.064841816584225
1401,11.458536358497918
1402,25.01952075194688
1403,-3.6782165090867
1404,-16.66990465071328
1405,-18.347121348005633
1406,-3.726701093397854
1407,-1.6625873455218185
1408,9.429713564475174
1409,0.699164644436247
1410,-6.8670137429767
1411,-15.334684722483393
1412,-5.734011322706896
1413,-17.171818626994966
1414,-4.835997692618524
1415,16.2461038505169
1416,-9.997188617824099
1417,-12.469398475677258
1418,0.39223388342636667
1419,-10.800813822742816
1420,6.693273394221275
1421,-16.939847724839158
1422,-18.701872260691264
1423,-2.635556820738633
1424,-31.389879417235964
1425,-0.17321274437970147
1426,8.67327109427472
1427,-8.82663711494522
1428,0.4481071647160445
1429,-12.135567981832969
1430,0.8914064882733567
1431,-10.876065175720646
1432,-17.177109429861478
1433,-10.781231089847529
1434,-6.623136834358751
1435,-3.663292438778602
1436,-19.144825608937456
1437,-12.176280967405978
1438,-3.0332671758432967
1439,-10.927876309667658
1440,-10.499278980614212
1441,-2.9213016927483055
1442,-3.5899888572452925
1443,-17.25054256893279
1444,-6.685437565457026
1445,-9.475857257838902
1446,-3.2517153837675083
1447,-11.293061547160937
1448,14.238641122171908
1449,-16.232793279448263
1450,-2.452819306719424
1451,-15.81221238206624
1452,-6.23274556400654
1453,-12.999883799803206
1454,-21.040301301712564
1455,-5.791909852682214
1456,3.1546565604797605
1457,13.128002390410098
1458,-10.97442163075309
1459,-11.060142389331736
1460,-41.93083599697591
1461,-5.2326167768282845
1462,-2.6980432727372987
1463,-13.713228928102103
1464,-7.436412589146561
1465,-3.513444209127532
1466,17.629042825529748
1467,-3.3426369567264134
1468,-2.251211097227018
1469,2.4748463540704746
1470,11.302186798968501
1471,-10.339874031309114
1472,-18.159083662119404
1473,7.720563032809674
1474,-11.38954127347049
1475,15.513068998924405
1476,-14.892661361548084
1477,-4.9005148345017675
1478,-5.911477238963447
1479,-1.8089662176221042
1480,-5.130309799036216
1481,-9.133214429024951
1482,-4.200879005913952
1483,-6.14987606815473
1484,-0.7744557145819942
1485,-19.449107262614664
1486,-5.997980906989572
1487,13.667532653416425
1488,15.319242835370028
1489,-5.0446721577804725
1490,13.672363784241066
1491,-11.518446291960094
1492,-18.591289644595665
1493,-4.572509722459903
1494,-4.228278781199582
1495,-6.799461917156326
1496,2.261219355446225
1497,-5.778662788144605
1498,3.3626153940836288
1499,5.577138349161056
1500,-16.552003249436414
1501,-4.975190232655653
1502,-10.682876573000135
1503,-5.249620825864871
1504,1.9347501846691797
1505,-7.933257815274804
1506,11.758567520931388
1507,2.8017230575319685
1508,-2.6735034895359364
1509,-2.8385874172249475
1510,-9.356904440153334
1511,-21.641353185595538
1512,7.258858353242
1513,2.3908198971553487
1514,-12.6767714351922
1515,-17.13994448286346
1516,53.3924943925281
1517,4.025602289626955
1518,-7.911070116736913
1519,-6.358061528179381
1520,-3.7736489544599623
1521,-1.4136333596220299
1522,-17.90605680221913
1523,-10.045729711231138
1524,0.6189036087958141
1525,-12.662129747884569
1526,17.152055005720992
1527,6.184685308981012
1528,-23.39189394929551
1529,8.060020881818412
1530,-1.676681235115642
1531,-15.479691807697668
1532,-9.446309804966836
1533,-0.9933469473894309
1534,-8.958643932479822
1535,-8.174315938152608
1536,14.079142659086324
1537,-10.557636937478014
1538,-8.270695690797288
1539,9.95316496249327
1540,-25.562224209266308
1541,-10.086746956472302
1542,-10.607387819688915
1543,-12.972897751442792
1544,0.6910324306122914
1545,-7.455436118971623
1546,-0.5988151170872459
1547,-2.2174226958172527
1548,9.399935511910849
1549,-15.1742252241306
1550,-1.4866207296981644
1551,0.266601934912411
1552,-2.565180403906628
1553,-17.6244455269584
1554,-9.859241236612865
1555,-15.713440998875262
1556,-0.5728928931605185
1557,49.80766449263697
1558,-10.956579592114826
1559,5.068483488249991
1560,12.899320583309441
1561,-5.068313029654267
1562,-1.4030812104742596
1563,-14.004128599626233
1564,-1.902987545839527
1565,-10.642080165698166
1566,11.801955399311305
1567,1.6299338049507481
1568,-6.697023096276529
1569,-16.81844254971063
1570,-7.633017805129815
1571,30.939593535020574
1572,-8.661667107234711
1573,-5.3690632825205045
1574,-8.70835188322369
1575,-12.986893268458948
1576,-12.651877912769555
1577,-0.33218190663635483
1578,-4.993177870135217
1579,-15.733395956387062
1580,-2.137428906464696
1581,-7.40666675153759
1582,-1.1737136483729715
1583,28.953622208065124
1584,-3.975797924341781
1585,-0.20776228510951456
1586,-11.687409278007612
1587,-21.13549412224845
1588,9.798473520270386
1589,4.12901769588782
1590,1.1931128240530837
1591,-0.05434890068906839
1592,-37.88211192893093
1593,-3.5241597916333136
1594,-4.226462701455124
1595,-9.777293767359401
1596,-14.720182868255028
1597,-10.27841282143479
1598,-15.874581990513866
1599,-1.3820193235369276
1600,-6.277258475189659
1601,-14.454823438734342
1602,-1.3256284113635717
1603,-14.42769699541484
1604,-6.272012559548306
1605,2.422859494952287
1606,-10.62596529830123
1607,-4.5993172123921555
1608,21.66210611721365
1609,-3.6787341287076503
1610,-1.8628334801901234
1611,-5.050825131246232
1612,5.899485806670124
1613,-0.8789048257380944
1614,-5.533722320618357
1615,4.367653153352673
1616,10.294292954871048
1617,-5.229322295296218
1618,-3.611563238815937
1619,-5.478572105155284
1620,-10.698352715909527
1621,2.1896901692694213
1622,-0.2121002030143916
1623,-7.100320260289185
1624,-11.666220184329609
1625,-9.160704177868388
1626,-5.178579579279334
1627,-21.13731766552471
1628,-5.362264608470899
1629,-1.4666384799561216
1630,-6.890996936011537
1631,-1.9420741948858664
1632,3.67477427558381
1633,1.3257898656595684
1634,-1.6080580087470695
1635,62.656768553692494
1636,-1.95208878957735
1637,-10.265229823983168
1638,-9.548084004737097
1639,-15.297830037710332
1640,-20.958495626840406
1641,-19.278716419775694
1642,-6.638017359934996
1643,-2.1049597625292096
1644,-8.31117472069352
1645,-9.478337590729529
1646,-11.097299529790211
1647,2.958950384477954
1648,-15.222940633467692
1649,4.10888441204636
1650,-7.39812250149905
1651,-0.12016217002949248
1652,-9.23476200859975
1653,18.458179304048397
1654,-3.990391729633733
1655,-2.124564665734373
1656,11.11010018186746
1657,-14.13974852354247
1658,-15.370398151766016
1659,-6.9349466728121785
1660,4.41170659880802
1661,-2.270983569069789
1662,0.2715400923475738
1663,2.1491735063523505
1664,-5.080229483638935
1665,-7.477501701317554
1666,-7.182959572190133
1667,-21.56573829525721
1668,-6.72686849692352
1669,2.426059134058529
1670,-1.440002096248894
1671,-7.972172859177111
1672,-11.047847335971232
1673,6.705183347611206
1674,-21.885666760868364
1675,-0.8157732344802514
1676,3.5946326472608474
1677,-2.501528330536961
1678,-8.714344978574877
1679,-4.535470420850719
1680,-2.993601256655414
1681,-8.809292377729866
1682,5.587089242309982
1683,-0.6579615530585886
1684,-2.743391889097869
1685,-17.330009532364304
1686,-9.611288091129131
1687,13.21469736829888
1688,2.895122299531546
1689,-4.916275870380081
1690,30.779425500870527
1691,-5.463235046924159
1692,-10.946836591512215
1693,-1.6048368724343378
1694,-5.897739655748215
1695,-9.274849439608692
1696,-2.285135750430503
1697,-1.375152819923163
1698,-16.753843057527295
1699,-4.638268097263766
1700,-9.892120197229337
1701,-2.032739598648253
1702,2.430594114926431
1703,-0.49799335945451617
1704,-5.664394636605242
1705,0.5427366532285544
1706,-2.8440181945520395
1707,-12.252499578478341
1708,-8.985196281409548
1709,5.227252731287559
1710,-10.656002902975592
1711,-6.761770015127216
1712,36.556178879888215
1713,-17.580957526138693
1714,-17.76160549020958
1715,-3.2345020287598105
1716,-16.55616080006755
1717,-1.116935893892081
1718,-13.897406841794213
1719,-17.60006732691497
1720,-10.594746399141036
1721,-13.6913600506409
1722,-19.839239904798408
1723,-0.6932250616805266
1724,-0.9223514715645013
1725,-14.67330943297336
1726,-0.6186921212144841
1727,-17.217084221897014
1728,9.065929736234944
1729,0.17885447045173464
1730,2.4831062178868946
1731,0.7131442796003523
1732,6.893111497895485
1733,1.0187530200428467
1734,-1.8758414620851669
1735,-4.642810811619687
1736,-13.264094230485602
1737,-0.576015748315034
1738,-7.572861865839944
1739,-13.891961244652952
1740,-8.371975301509769
1741,-4.458806802984758
1742,-3.368131851648717
1743,-3.5040224252966015
1744,6.781925934361904
1745,-16.859918107313636
1746,-17.119501630655098
1747,-7.319418662724705
1748,-2.998703009432096
1749,-1.2220986083543481
1750,-5.051301054316785
1751,4.024363920530983
1752,-13.848270706417201
1753,1.9092824434551643
1754,-13.562972907279322
1755,-6.185943833425402
1756,-6.6285898925702655
1757,-14.380478282076615
1758,-9.826397202475595
1759,-15.593932395882325
1760,-9.846852916767125
1761,2.104839701024072
1762,-12.842145221843088
1763,-3.0456901127467733
1764,-12.03552475767035
1765,-13.443599160893859
1766,-8.720983077891537
1767,-11.190090377305273
1768,2.2288640544911926
1769,-9.203592265941984
1770,-9.989556753881038
1771,-3.4821322442630604
1772,-13.18535810051569
1773,-4.158107304142026
1774,4.672009810092756
1775,3.9883273184603025
1776,-11.371277664352851
1777,-6.194294908749247
1778,-14.698509102588536
1779,-2.28936914683661
1780,-8.31470489799492
1781,-7.666362560093579
1782,-3.232526353485331
1783,-4.408685222309406
1784,-1.390882019149534
1785,-14.900247564999608
1786,-4.152984243441527
1787,-7.624922841985129
1788,-8.970477058706342
1789,12.242358223789347
1790,-11.3114683774397
1791,-1.0249686623855938
1792,-6.409363399486641
1793,-10.464724530335365
1794,16.583188293909668
1795,-16.93143844651465
1796,1.599206264166038
1797,4.548553548670067
1798,-12.433048094942455
1799,-1.4806582870255385
1800,0.40208987704957166
1801,-8.149712275642264
1802,-13.13107716986858
1803,-1.5051379457577
1804,-6.662032773221175
1805,6.734884738308689
1806,-8.589215753346684
1807,12.34657122343017
1808,-16.716913147895387
1809,-4.670509133344216
1810,-4.866351074628686
1811,-5.770841251003252
1812,0.8243608739376452
1813,-8.88658876984889
1814,-7.452205008066334
1815,-6.89552729428667
1816,-5.6546977368902605
1817,1.0077560121594855
1818,-3.2057996161460993
1819,-8.67786982069399
1820,-5.4260145053094435
1821,6.474157945775711
1822,0.824831358321286
1823,-4.1286182788221355
1824,-36.118460913915875
1825,-22.77475049563461
1826,-22.452197784445364
1827,-4.463387030230909
1828,-8.989865517648786
1829,-1.814687853786812
1830,-5.959226781796564
1831,-0.18297499416039387
1832,-21.62488586481547
1833,-8.984357123631048
1834,-9.219623296219174
1835,-12.15467139840755
1836,-7.456137178378843
1837,-4.633369681604539
1838,3.795086227114349
1839,-13.463997670938147
1840,-7.123179802808839
1841,-5.1301287227301815
1842,-5.212429327694712
1843,-16.850892010404525
1844,-5.839016914635953
1845,11.503694701052632
1846,-3.2439369205730815
1847,1.6586195762943374
1848,-17.070646516119698
1849,3.084501609524092
1850,-8.49012817950504
1851,-3.496616087981214
1852,-10.45811830762384
1853,1.6858353024531665
1854,-17.501992322604085
1855,-8.30829903071251
1856,-12.308757313287492
1857,6.757314597616211
1858,-7.816028901355343
1859,-13.147170784699005
1860,-7.634144135596192
1861,4.323579438411822
1862,-14.651307048378362
1863,-2.353547092215625
1864,2.728064818877125
1865,-24.96930135072896
1866,-15.450041817367923
1867,-4.491542945317609
1868,-6.320999718501729
1869,0.6720075717508064
1870,-9.42153541125615
1871,-13.766767464139297
1872,-3.2834873008336887
1873,7.204456554382456
1874,-19.62799659481013
1875,14.917264575910417
1876,-10.721599957480498
1877,-6.102005553326738
1878,-0.9469903415408442
1879,-12.934413832724635
1880,-13.364933356174765
1881,-3.86106105297515
1882,-3.254818624106041
1883,-4.924849327879632
1884,-1.7691503017908632
1885,-15.747755578445753
1886,-5.681342751030091
1887,0.42104616309236575
1888,3.2979912054447835
1889,-0.9942485190813147
1890,0.21573570070770642
1891,-6.4598843204443925
1892,-8.936015075059435
1893,-4.349843865843899
1894,-6.34705148025282
1895,-20.53746129771523
1896,-3.8495426088629516
1897,-3.933122076955873
1898,1.0554110123960312
1899,-2.270173937588855
1900,-13.433520945202394
1901,-16.241901001921608
1902,4.495467606894205
1903,-6.988835449844804
1904,-1.260094761010781
1905,-1.9633231838460903
1906,3.4361593470526044
1907,-13.328646487293986
1908,13.644808448731533
1909,11.3939015027486
1910,1.0946709284935663
1911,-23.728251184940266
1912,-16.84849549802445
1913,-0.6046413000062546
1914,-1.816247814115262
1915,-36.699319786519006
1916,-8.622818715204152
1917,-4.738912697035606
1918,-7.708817952100138
1919,-6.9733329355285365
1920,3.6969751243450686
1921,-11.067419293028683
1922,-11.857188861235477
1923,-11.593583835407548
1924,13.42595002270948
1925,-4.680016548713387
1926,13.784935678993543
1927,-8.205554161147097
1928,22.087486017813287
1929,-8.198797974742297
1930,-12.973260812137118
1931,-12.16290016032824
1932,-5.791643423774507
1933,-8.344835716077318
1934,-0.0946592928739608
1935,-7.65033260729749
1936,-19.350112647850867
1937,3.6648197884947207
1938,-0.018151432884654928
1939,-13.471730739305235
1940,1.4827074295931437
1941,-4.835559010018163
1942,-16.975444219685844
1943,-11.135412336734111
1944,-18.031438433521064
1945,-5.422789257415364
1946,3.3157038100519243
1947,-6.31720126636444
1948,6.564322783640843
1949,0.3703565957903504
1950,-5.6381803860726665
1951,-3.800178757527168
1952,-18.853807145465428
1953,4.733472167632068
1954,-0.6837496493130618
1955,-10.084622556575118
1956,4.545917053250629
1957,-12.75907606114331
1958,9.36658334765391
1959,-1.3605629621021977
1960,0.28748045370368913
1961,-6.731056572023111
1962,-4.357493960486839
1963,35.215356599763275
1964,-2.211188183065109
1965,-13.068927596604658
1966,-6.0220174688679196
1967,-4.002848437863098
1968,6.024218739074537
1969,-0.802327089267668
1970,-7.832003227677409
1971,-13.577165304024197
1972,-8.203531876437841
1973,10.00427284501759
1974,-8.587844263943657
1975,-14.158606861461953
1976,2.838977284869112
1977,-19.07654614643386
1978,-0.504601964802963
1979,-2.5716896806220335
1980,3.4072475809612355
1981,-5.665001023636681
1982,-8.65475565504355
1983,-6.5576611286037165
1984,-7.690185259003077
1985,-2.8836962363797953
1986,23.51722451179924
1987,-7.594157582857837
1988,-5.30331651866661
1989,18.203708954537912
1990,-3.473659881813977
1991,-6.6405722600720525
1992,-12.381245855124211
1993,-19.806563236457325
1994,-9.313030940902058
1995,-6.060439121470584
1996,-2.576455351233993
1997,-15.210772317226178
1998,8.882364414425433
1999,-2.7608498841886773
2000,14.663500902673173
2001,-0.38533409311319133
2002,-7.584218772283724
2003,-14.398994210136584
2004,-9.23560957188372
2005,-11.987710328964999
2006,-15.513962849544873
2007,-16.013987059752683
2008,-19.005740478832625
2009,2.291882481945801
2010,-3.7178291648483297
2011,-9.84188968232545
2012,-14.28063141225673
2013,-13.917117159745862
2014,-16.271287288203414
2015,-7.670993751914897
2016,-15.14158429975348
2017,1.3588903963723409
2018,-4.583570589141776
2019,9.802241554777106
2020,-16.875174711491557
2021,-7.110354560350491
2022,-12.215988335828547
2023,-8.119170687539258
2024,-5.591017810081415
2025,-14.181398295943358
2026,-2.6837055387590896
2027,-12.401252942658607
2028,-0.04976752853642552
2029,9.992255422942458
2030,-5.099444498541719
2031,-9.149194730086014
2032,-4.480781333428216
2033,9.966341581523489
2034,-8.544069161190668
2035,-16.972000941979307
2036,9.262092805945963
2037,27.460822645918167
2038,1.3098140704705896
2039,-0.8083277181167193
2040,-0.7258650704806985
2041,0.5606793989793698
2042,-9.917900612703738
2043,-11.13184576495903
2044,-9.626863745741025
2045,-11.557900206038061
2046,-13.88160212409773
2047,-12.478017313326268
2048,-11.65807206720226
2049,-7.223023473479292
2050,-9.228871833244261
2051,0.28883264058165536
2052,17.73230815165928
2053,-21.608635295371162
2054,-1.503184348629678
2055,-3.791830567919509
2056,-28.631484109476762
2057,5.179721038552567
2058,-11.451209284323772
2059,-11.254307487424262
2060,-20.874346625394057
2061,-15.373849160182976
2062,-14.616293254869083
2063,1.9369029491631649
2064,-19.034901514386977
2065,-1.5742149995807937
2066,-18.17706744381164
2067,-8.444988752421954
2068,-10.353947355990817
2069,-2.885622460283206
2070,-10.922066488246378
2071,-6.224355060698575
2072,-3.4121233262144175
2073,-13.411859513138074
2074,-13.96240632126362
2075,-8.221316853162966
2076,-19.910423450840856
2077,-18.508803739790412
2078,-17.42016371423549
2079,3.1165784585187124
2080,-6.236608544659679
2081,-19.987029872361266
2082,-4.39448062337667
2083,-15.618718940213034
2084,0.1352533093227305
2085,-12.56144905531571
2086,-0.833193733353686
2087,-8.867380013950855
2088,-16.34565210027674
2089,-22.5375741212624
2090,1.9809349879060631
2091,-6.8314512852580025
2092,-4.637211143739909
2093,-16.285456357727046
2094,-9.82568303365449
2095,-3.914014108797777
2096,-3.4258919082476256
2097,-8.457841112056007
2098,-8.622448529912594
2099,-21.868814890919996
2100,-9.007029415375177
2101,-7.108621131280391
2102,-8.423153604129288
2103,3.708852310901672
2104,-4.542261528857101
2105,-0.5693116052065977
2106,-0.9902043698489013
2107,-11.112266586629152
2108,-0.7387767830987048
2109,-9.815818371808723
2110,0.10942847093840669
2111,-0.22275697115080562
2112,-12.863024130127519
2113,-7.852541869889568
2114,-1.5049174016162157
2115,-13.16897987558284
2116,-20.470821024860445
2117,-7.724829724160803
2118,-4.586791380410863
2119,-8.044793404309962
2120,-1.0163393685574862
2121,2.5725949349598762
2122,-14.238380535541614
2123,-11.1160167511184
2124,-14.459401676589072
2125,-3.9066939264070912
2126,-12.747119722116144
2127,-4.637798140114204
2128,-5.890342429348014
2129,-27.227554375881912
2130,-5.781567029472602
2131,-16.067866620330708
2132,-10.233514725082818
2133,-9.268975666694564
2134,-17.331394284244627
2135,-5.005941703693201
2136,-0.8715253039981451
2137,-10.42083372833847
2138,-17.351488659258823
2139,-9.006275748351504
2140,0.43016642617342427
2141,-15.90578165358554
2142,-6.584689103055529
2143,-11.501611313942226
2144,-6.6556386956435505
2145,-9.781085526601123
2146,-8.40428714253037
2147,-9.10778601313857
2148,-2.8939003579311917
2149,2.6038315149931135
2150,-22.464969186421033
2151,-7.120316348495156
2152,-14.367112705116119
2153,-6.927698813907658
2154,-11.309429563726985
2155,-5.960429071011707
2156,-15.922255414869573
2157,-10.630682707163464
2158,3.3379052347231903
2159,-8.078655872953709
2160,-2.9047300393533293
2161,-8.069986035208307
2162,-11.972828905181336
2163,-0.28580188376642923
2164,-1.358582388522085
2165,-6.724931417583751
2166,-15.23440329966022
2167,-2.5068889969711323
2168,11.791770147726334
2169,2.4183978805190476
2170,5.326826207147657
2171,-26.135485723807026
2172,-20.506628801245345
2173,0.17513904923591894
2174,-13.555739150748627
2175,-12.076057884837132
2176,-8.371202568762305
2177,13.031282019729383
2178,-30.528426339907558
2179,-10.99758037168201
2180,3.2324400398161073
2181,-4.096829776390654
2182,0.8905498045483239
2183,-9.774121359222113
2184,4.163792829709361
2185,-4.776167586295263
2186,-17.22168745402198
2187,-1.6683108292804478
2188,-16.120157809950317
2189,-8.968337392636817
2190,-8.320228819436101
2191,3.273118438607095
2192,6.25450074656194
2193,-8.021351768169074
2194,-2.5167917249386607
2195,-6.132906606217124
2196,-8.995963669799925
2197,0.8982550774058166
2198,-0.03132614271473699
2199,-11.669104052382385
2200,17.506997161017832
2201,-1.3646927935860491
2202,-0.11928275812122024
2203,1.9084974703969477
2204,-6.398555200527402
2205,-3.6866947046082474
2206,-9.413666325831832
2207,-16.209524517889324
2208,-10.028873419342267
2209,10.344926452859477
2210,-11.897103983116244
2211,-9.56651023246602
2212,-5.169291540830703
2213,-13.458807394904829
2214,-7.9362799269960975
2215,-12.914563664046431
2216,-9.09359079785961
2217,-15.065331943720116
2218,-15.44533937677395
2219,0.35157448937800495
2220,-2.681823052464982
2221,-12.696483625975338
2222,2.15377098724323
2223,14.345650593321375
2224,-11.180398507345194
2225,-1.8984117431877836
2226,-8.362571142927186
2227,-3.396704281329197
2228,-13.467345561839897
2229,-9.76045279440084
2230,5.311633684857976
2231,-4.809782596693798
2232,-6.749344254415949
2233,4.398617759069363
2234,-10.84037628636222
2235,-11.177617966998218
2236,-6.527578047234305
2237,-11.084023428018076
2238,-6.628259357330056
2239,-5.698518574618423
2240,-5.229865767647856
2241,-8.334983006150628
2242,-4.023460964731815
2243,-4.265414408115224
2244,-8.53955885621915
2245,-16.49261768749918
2246,29.18067816698979
2247,-22.375832949749995
2248,-10.091360954074366
2249,-5.6114481744425335
2250,2.61601528274971
2251,-1.5571937618046592
2252,5.1134427919314716
2253,1.6194983791588369
2254,-4.996047921865714
2255,-2.6722570499909795
2256,0.5982336467815469
2257,-1.706840154035011
2258,-6.0128961457989805
2259,5.752471036906651
2260,3.915803527186223
2261,-8.441444312633825
2262,-8.07978172118826
2263,-22.299922506728283
2264,0.6872538682551078
2265,15.156196347870742
2266,-18.163978225659296
2267,-6.094808003733736
2268,-3.874071801610147
2269,-21.54548379222567
2270,-11.53099704741678
2271,6.076702804321509
2272,-8.128375500086326
2273,-4.0321294845911995
2274,-6.28260430309408
2275,-1.7301807010148638
2276,-24.96316002217961
2277,-17.21892119725769
2278,-18.950467380880102
2279,2.4850315326334806
2280,-3.356142939368941
2281,13.186293140755447
2282,-10.865140604479597
2283,-8.975306485081978
2284,-3.8117233003681337
2285,-6.584377760279016
2286,-14.529660546970694
2287,-22.095307346727598
2288,-12.753924623018497
2289,-6.3815145578168755
2290,-17.625275838899572
2291,-1.4329007862965897
2292,-1.590253372983601
2293,-4.427471637681696
2294,-19.62131277345131
2295,-3.5759080454185765
2296,30.94821119732344
2297,-8.135995946179696
2298,-9.5480137542904
2299,-25.933189415343325
2300,-16.94554465015924
2301,-4.242632153074259
2302,-7.363980290866015
2303,-5.999969553064578
2304,-14.203247635948605
2305,4.115867881344026
2306,18.694178679565564
2307,-11.282860169586888
2308,-3.821137179145329
2309,9.464479350127045
2310,-3.278123384565764
2311,-4.453293563585679
2312,-1.290451022488445
2313,-9.116941746224688
2314,-10.933129268390507
2315,11.4513912348448
2316,-1.413636995262526
2317,-11.927910257923463
2318,-5.758844653004165
2319,-2.6584882957235765
2320,-1.0940280282552282
2321,-8.89188960574254
2322,-10.250305109229407
2323,9.298914549087295
2324,-11.023560677147065
2325,-7.58887845823799
2326,1.7327789214787357
2327,-12.960620206340513
2328,-8.59034539066713
2329,1.3790505153267771
2330,2.639660241768776
2331,-9.93719097278606
2332,-4.015308510499811
2333,-10.27079857385022
2334,-7.761484033205737
2335,-8.753451242358528
2336,7.819994527322275
2337,12.413161247064659
2338,0.15579815696812715
2339,-16.454977936487442
2340,-8.16781115352885
2341,-3.4812302880268122
2342,-9.881690474174297
2343,7.094708544878382
2344,4.3352931121726455
2345,-2.217666630208872
2346,-3.6728309785912403
2347,-17.27837507359479
2348,-4.919558504534028
2349,-8.616910862538566
2350,-16.670618110086682
2351,-9.427691953369026
2352,-16.215235999165518
2353,-15.745978653742418
2354,-20.297460882276457
2355,-5.329598156050882
2356,14.19064546399161
2357,-5.513739829602831
2358,20.10577142926834
2359,6.632659749266192
2360,-9.539629119956293
2361,-7.89221527027937
2362,-14.583294296520284
2363,1.8995377206984143
2364,-7.5956563617096196
2365,10.636343859890554
2366,-2.0982268497686833
2367,-14.024690116224042
2368,-8.116978595048272
2369,-14.514707264788262
2370,-10.281077567813076
2371,-17.161383684068344
2372,3.075808542312667
2373,-10.822314624176647
2374,-9.201145381050514
2375,-9.64368756991596
2376,7.934861505078994
2377,2.5539040711660403
2378,-15.36295892630685
2379,-11.084540379309578
2380,-19.040209816548188
2381,-9.21966559878499
2382,5.4626412564225815
2383,11.243862514741204
2384,-3.7307422082521713
2385,-1.5603850117485978
2386,-15.35678069670164
2387,-7.025213418527049
2388,-10.111585979987899
2389,-5.5488139772437295
2390,-6.667751556011784
2391,-8.737904104366384
2392,-4.888219283352986
2393,-2.8759784736957714
2394,-13.804371969568342
2395,-11.583880955396557
2396,-5.685870915207009
2397,-3.228577524444039
2398,-9.627597055236015
2399,10.42926811905411
2400,-8.962039861205517
2401,-8.625714988535924
2402,8.087760218250844
2403,7.392848895504836
2404,-14.923471725883678
2405,-14.457538825673032
2406,-15.382803504363869
2407,-7.59675574942364
2408,-21.683127185762235
2409,-1.0178398188931839
2410,-10.85689663888204
2411,-3.954851190973817
2412,-19.754148569817946
2413,-7.218387347896599
2414,3.967963175901356
2415,-7.4088585904469015
2416,-11.170690657027512
2417,-6.025882876324862
2418,-6.746163522113851
2419,-10.653429524113085
2420,-8.468833005664669
2421,-10.160733749635233
2422,-8.067466528461841
2423,-6.839585286819305
2424,-6.829313761783372
2425,-12.966021321381481
2426,-7.7808760438060505
2427,-16.03892629489562
2428,6.8752374944047245
2429,-1.0681640731226922
2430,-10.93832483015692
2431,-4.371340494178615
2432,-6.686527963574439
2433,-7.037599110272343
2434,-7.378765554050436
2435,3.0671475495521703
2436,-16.413476688439435
2437,-5.259298071597617
2438,21.846050032973405
2439,6.352837527133967
2440,-15.254851165679133
2441,1.4820184533450869
2442,-8.448656511191052
2443,-9.696879473532567
2444,-10.231208016324194
2445,-13.54494182898768
2446,-5.847334889016996
2447,-3.659338996819746
2448,-8.342777840204667
2449,-4.437726065616947
2450,-4.072523430781506
2451,13.572357827179099
2452,-8.538403820915368
2453,12.023720728765989
2454,-7.64080575956766
2455,-10.644515860808474
2456,-13.828445311416976
2457,-17.307073851086418
2458,-21.452924237786167
2459,-14.775226375221314
2460,-16.36395528733144
2461,-16.523127018600892
2462,0.35513802968855657
2463,-6.365547695125746
2464,-1.6909109567782012
2465,-2.7718088925407516
2466,-11.043224630628606
2467,-13.40607054442487
2468,-30.845500108161534
2469,11.276969893318915
2470,-15.00354370914963
2471,-13.025298052974426
2472,-7.512885690922734
2473,-5.70755853708349
2474,-11.551355628658234
2475,-8.286146084693405
2476,21.71925501008857
2477,-0.5889480903483434
2478,-6.090513916985832
2479,-10.223699131633088
2480,-15.939026539762812
2481,-10.11095670107395
2482,-12.482563053886656
2483,-3.0401019723499063
2484,-10.00653392304182
2485,-7.836155665577711
2486,-8.169617992220969
2487,-5.641911754773422
2488,-24.44012934067675
2489,-12.83885016306292
2490,-24.945313461728322
2491,-12.161187977398617
2492,7.85010122622091
2493,-0.912691885914204
2494,-11.903128755098328
2495,-18.759706349164365
2496,-4.614786611899921
2497,-1.784117378848781
2498,-18.749793615442716
2499,2.1349520910476043
2500,2.176564041218195
2501,-19.613371270570017
2502,39.81373063833737
2503,-20.687331708200393
2504,6.545838850956467
2505,-14.228013792340311
2506,-7.404710043212593
2507,-8.406112777046905
2508,-6.9502501878473355
2509,-6.79034373131933
2510,-11.531932513682
2511,14.170425924640336
2512,-10.699960577938759
2513,-13.419196284120039
2514,-9.436134580386783
2515,-1.5628500159874408
2516,-7.750076846414207
2517,-1.9281937862676601
2518,-13.362902524895139
2519,15.126047003064537
2520,-7.38343653053423
2521,-22.651513386897452
2522,-12.491200981340034
2523,-6.400290221895806
2524,8.688517176440223
2525,-11.109166217341203
2526,23.24295386480028
2527,-14.218333970573871
2528,-7.010157051929558
2529,-19.83634660431878
2530,-6.664342893712704
2531,-9.471635728721116
2532,-13.196693268363992
2533,-3.3198650461131125
2534,-2.7363462027451293
2535,-16.09514306082335
2536,-30.640197223268363
2537,-11.613444607333326
2538,-12.282274903803659
2539,-7.467419092218255
2540,-8.94328274725874
2541,0.7390579384032446
2542,0.6111005681100562
2543,-10.346373701324842
2544,-6.4061531431820855
2545,-2.0782870096540806
2546,-8.478449527824955
2547,-18.3069679922987
2548,-7.555617662483631
2549,-3.256424136399322
2550,-1.6499363230750292
2551,-16.428889144739035
2552,-4.013780528946403
2553,-5.100357804512417
2554,1.102086025729501
2555,-7.25678338515488
2556,23.95740981824613
2557,-21.95272645528482
2558,-10.529385078821155
2559,-25.98152845124739
2560,-11.14556602421951
2561,-6.139606947330752
2562,-1.151091424814216
2563,0.3171043316129055
2564,-16.69470493605647
2565,-21.862568167181482
2566,-6.143460153686168
2567,-20.370642099388963
2568,1.3732907101735021
2569,6.567203030263069
2570,-12.936935243548737
2571,-12.953963228002044
2572,13.82073195542082
2573,-0.5190771684869776
2574,-14.333117576211839
2575,-8.179468286977658
2576,-6.169903369781854
2577,0.8360845634220152
2578,-2.9823281372004873
2579,-8.612872121999748
2580,-3.8086698036417816
2581,-12.63785843103276
2582,-8.02895272044268
2583,-5.797141768103278
2584,-0.05466425355868865
2585,-194.10184005751896
2586,-9.662688588957712
2587,-11.383515830381361
2588,-10.144216990356176
2589,-10.627971087110813
2590,-10.589607289887203
2591,-6.821467801901211
2592,-7.296730554884083
2593,-12.092823868166738
2594,-4.361067547838023
2595,-9.408458552029037
2596,-18.078312588800575
2597,-10.045669628143036
2598,-6.743962334411184
2599,1.6420195096402734
2600,-3.9201066311393093
2601,-10.555467136458196
2602,8.958701933012458
2603,-1.4518385118794628
2604,-10.177961405055134
2605,-10.374118690685895
2606,-17.028886955818482
2607,-6.993513839811816
2608,-5.217121697749893
2609,-8.954098980969752
2610,-8.017976949804028
2611,0.560394075942919
2612,-5.783917450844204
2613,1.9523596722415517
2614,-14.709277289994565
2615,-6.595755125772915
2616,-11.439349816081153
2617,-6.488946389981696
2618,-4.1011631725136555
2619,-9.526464322476818
2620,-17.93557262540296
2621,1.6151436765453822
2622,2.7076518004078265
2623,-15.962563256638054
2624,-3.7107178482933465
2625,-1.0120165929288065
2626,23.16360520001629
2627,-3.256801207159218
2628,-1.995308122618984
2629,-14.360488846210933
2630,-9.615109411842672
2631,7.395456452859004
2632,-8.7289187062265
2633,-11.877151754856163
2634,-9.604508850673005
2635,-6.893333679706733
2636,-10.47578319714305
2637,-10.715879020028728
2638,-3.103559164075226
2639,-10.793695715550689
2640,-7.506584229012991
2641,-6.804795728823113
2642,-10.102456746777056
2643,-0.834063026585203
2644,-0.47419291331695945
2645,-3.2485793357350063
2646,-19.923098406506572
2647,-13.165816286076256
2648,-5.065486120947274
2649,-7.05431113888469
2650,-10.095444000697148
2651,-4.169489952909747
2652,-5.728790355878549
2653,6.726746298560125
2654,-9.624933740718438
2655,-7.962508725860492
2656,-11.93620454577965
2657,-4.946974970741825
2658,-10.651116804213848
2659,4.515343946688996
2660,-2.8045993615555505
2661,-10.23137777516738
2662,-0.6108751640540265
2663,-8.378639389972227
2664,-10.214673850853137
2665,-0.8196961981798029
2666,-10.69304722362674
2667,-8.694085166138825
2668,-10.313530474437789
2669,-30.158165337220883
2670,-4.538904101967522
2671,-8.629567937612114
2672,-8.414249169749132
2673,-7.11514817638042
2674,-13.312579720803546
2675,10.814045203682804
2676,-8.841090996376328
2677,-1.0000936181265603
2678,1.2346363277579497
2679,-8.720390097833365
2680,-7.773702484959789
2681,0.4716829988251686
2682,-16.72097966753015
2683,-10.341553200199519
2684,-6.867622535737131
2685,-3.7397302156218517
2686,1.5157403528587805
2687,-7.927461033354551
2688,-0.9016701466093525
2689,-10.457645421160555
2690,-12.413099213087184
2691,-11.063454734729907
2692,-13.66790198850274
2693,0.04201738463373317
2694,-10.550732860987386
2695,0.5833547983334267
2696,-10.889304658697233
2697,-17.746483770783332
2698,-2.4401885259553397
2699,-7.350292507929656
2700,-10.375048913174828
2701,-10.256607474270345
2702,-0.6135231024154325
2703,34.527724785959
2704,-11.728360546779617
2705,-13.097858858140603
2706,-10.164489265735915
2707,-1.7353677467757267
2708,-7.985473228396107
2709,-10.620971634102238
2710,0.686777683859442
2711,-8.84643335267308
2712,-5.379803346007496
2713,-13.4139409139402
2714,-16.60366735675004
2715,-8.254351276009833
2716,-9.497731458808152
2717,-10.101744529819802
2718,-14.935473297527528
2719,-2.0667123062134793
2720,-6.625940570781926
2721,-15.64249115641403
2722,-8.704537729206299
2723,6.479333436582489
2724,-9.137031952702705
2725,-12.576027223705273
2726,-5.515707824478771
2727,-3.108919926285556
2728,-11.98270830587669
2729,-9.66606553316476
2730,0.06936360154261478
2731,-8.157505392585767
2732,-8.398297399191938
2733,-8.68846082950356
2734,8.870239211051308
2735,-12.298491697688837
2736,-10.578640783793594
2737,-1.4466673158453647
2738,-15.614615021421264
2739,-11.286722134514298
2740,-23.473291596497322
2741,-1.3253483479395287
2742,-0.9386054481660483
2743,-10.751035725463657
2744,0.35319098236962077
2745,-11.410669131087593
2746,-11.036423073909168
2747,-21.080753322606572
2748,-10.02651996271286
2749,-7.726012952507948
2750,-9.085947153071606
2751,7.779264802981312
2752,-8.528820714929202
2753,-10.374052186912627
2754,-7.3455993698448525
2755,-11.83109242858743
2756,-7.003543468317251
2757,-5.32294456609677
2758,-7.455144926086608
2759,-6.008219406630336
2760,-11.642936729984717
2761,-4.644591115863908
2762,-14.605902943760588
2763,-18.51214296588248
2764,0.053322676100402755
2765,-8.526559959132532
2766,6.795077304288067
2767,-11.906467830244287
2768,3.776053566226916
2769,-10.388920674404721
2770,5.284219187094119
2771,-1.3791095004675968
2772,-2.390068256818698
2773,-22.651244459254915
2774,-7.55382703700477
2775,5.234903359177703
2776,-12.153903280898225
2777,-19.576570712187706
2778,-24.853078585925207
2779,-15.270145608597408
2780,-10.6396774811162
2781,-25.29571803525457
2782,-6.479595069525634
2783,-3.38856547074963
2784,-8.339017712312375
2785,-3.9963652951405253
2786,-5.222185462042465
2787,-10.580056676430535
2788,-12.505589473568284
2789,-30.940046643119306
2790,0.9237921167509978
2791,-12.650961188776341
2792,19.013463290694315
2793,-10.655597531379021
2794,-4.3834634675022
2795,-4.4287041984330004
2796,-8.899783173049832
2797,-5.313891803551518
2798,-2.65626650416218
2799,-11.112498784679223
2800,10.988896507678897
2801,1.723240729420037
2802,-19.70037707953404
2803,1.6643567850719831
2804,-8.17425615688578
2805,-6.829888280684348
2806,-4.252118331804444
2807,-7.530523493783652
2808,-6.088173884510046
2809,-11.762426262107033
2810,-2.5522552928405036
2811,-8.287341364100461
2812,-22.785919820862066
2813,-5.278526739716175
2814,-11.228946533388784
2815,-16.15366184611273
2816,-9.640414410896005
2817,-6.046175884366197
2818,11.34629255251573
2819,-0.9540066929853072
2820,-17.085266037086942
2821,5.1889045568719
2822,-10.624287441898991
2823,20.111690907468553
2824,-8.1968616854351
2825,-12.683160450612808
2826,-17.046466147519343
2827,-23.796788102804815
2828,15.46520219688639
2829,-8.954189450442732
2830,-9.928475134297036
2831,-9.236658075913033
2832,-22.008989086830727
2833,-11.391773068221914
2834,-11.382475700892405
2835,-9.558916138367044
2836,-11.695396823757141
2837,-7.3350133929079435
2838,-8.08761690115191
2839,-16.04245543851309
2840,6.342664308993359
2841,-11.722471697209334
2842,-12.561929808529817
2843,-17.3939598301308
2844,-9.325993630034622
2845,-9.938655840086517
2846,-2.389066212696865
2847,7.281360114088353
2848,-13.866539373616865
2849,-2.0192946368510762
2850,-9.851048184177648
2851,-19.831314013053518
2852,0.9036421192700129
2853,-16.136727829075856
2854,-6.339822346519189
2855,-25.802325089749022
2856,-21.80532924180031
2857,-12.050940926091675
2858,-15.185139963943106
2859,-13.48361748482282
2860,-16.619135444559536
2861,-16.58689614605598
2862,-11.723097478610248
2863,47.980197241183326
2864,-20.207908174284487
2865,-12.51371468161003
2866,-9.864018741657196
2867,1.2716382233143362
2868,6.193828033739488
2869,-14.937570370097978
2870,-11.816159370596756
2871,-13.064936340002054
2872,20.011691842785265
2873,-8.646289502144986
2874,-2.1299698466878896
2875,0.21673587430543761
2876,-8.987454813337513
2877,-15.760838943383964
2878,-6.6236617102458455
2879,-15.151441831948864
2880,-10.640318426435874
2881,-12.641692608872722
2882,6.0486888745431555
2883,1.9729003357702153
2884,-19.547934470012
2885,-2.6465796483011887
2886,-7.934349236387765
2887,-25.436514287147904
2888,-12.209190465738606
2889,6.3417885011999955
2890,2.7812072759784554
2891,-19.854326659454703
2892,-6.289366544103335
2893,-6.762815231817034
2894,-9.928896555334608
2895,-14.221541690481422
2896,-13.396741694540173
2897,-9.451250896966007
2898,-4.281171139705724
2899,-11.43560863658738
2900,-19.48059170299118
2901,-18.666885420399442
2902,-7.597719580469833
2903,-19.576831456131433
2904,-13.451441700557984
2905,-4.875931594784082
2906,-11.298088144335884
2907,-9.093554371380355
2908,14.476697636076574
2909,8.739649589070746
2910,-13.06709928358507
2911,12.067721991229087
2912,-11.668166394330433
2913,-11.300274497098576
2914,-9.886639920621269
2915,-2.13804696662189
2916,-12.06357957144744
2917,8.90014173588454
2918,-0.4856001332982248
2919,-17.915464330103962
2920,-6.418847440374042
2921,-10.018729583874551
2922,-6.5035662402073955
2923,-7.098780740861433
2924,-15.05997803931084
2925,-10.146504411898126
2926,-11.281835282932184
2927,-12.58941853984786
2928,-10.035146480881371
2929,-9.709498288778354
2930,-9.825914954522409
2931,-16.36569263862791
2932,-16.116274762361602
2933,-3.5168059060992833
2934,-21.917503689844555
2935,-13.268824340412243
2936,-13.106600866544317
2937,-11.522686971024518
2938,7.633048616149632
2939,-12.097343889332
2940,-7.8289151512962905
2941,-9.421733616651158
2942,0.23354932907070747
2943,-14.175283712505438
2944,-5.136815849682056
2945,-5.551230953039043
2946,-10.25077555834739
2947,-2.953622940471381
2948,-2.15989504204524
2949,-9.452390057123443
2950,-8.704167692489568
2951,-8.823620713130799
2952,0.7291076335445962
2953,-9.67959645615199
2954,-9.297481488544213
2955,-11.805005474076074
2956,-13.08017638877343
2957,11.08097305261665
2958,-11.6632208355986
2959,0.9384615354379332
2960,-11.123384544036048
2961,-11.949476848017616
2962,-6.718169152395579
2963,5.976211428205285
2964,-9.466460645787697
2965,-8.822679606356337
2966,-11.582724996616411
2967,0.5933419180232943
2968,-13.052619494621899
2969,-6.412385996879697
2970,-3.4633093722881982
2971,-1.6641365759746565
2972,-22.37916402215294
2973,-8.387548636405404
2974,-10.546194868764792
2975,-7.051505350678302
2976,-3.722272938477521
2977,-9.14077404631596
2978,-11.06946369293289
2979,-19.768056836553544
2980,-7.7699797635482115
2981,-9.510311816581156
2982,-6.665505513073616
2983,-20.275917528351304
2984,-10.888223891079155
2985,-13.711545694287883
2986,-11.727583106119232
2987,-2.1627897484627043
2988,-27.579589169080894
2989,-2.8996180744820537
2990,-11.550639734691208
2991,-12.780262982496856
2992,-15.912842964415608
2993,-4.481088322005211
2994,-12.051352666599518
2995,-15.949684186519766
2996,-8.704748652700323
2997,-8.734120701340748
2998,-10.208010356778209
2999,-10.945235625283635
3000,-1.3608863850372233
3001,-12.075712589062709
3002,7.375378582597047
3003,-10.177224180845746
3004,-19.402785975221807
3005,-3.8504583362768914
3006,-1.9765723390350773
3007,-13.36224948001061
3008,-13.83857426269376
3009,-12.599059366643337
3010,-9.563970976229461
3011,-11.153700097796877
3012,-8.744859771014921
3013,-0.5718873545810982
3014,-11.997279577111362
3015,8.870008501710823
3016,-9.52226799304342
3017,-10.358160518285763
3018,-9.855145902367417
3019,-10.593051308583176
3020,-6.966610872223986
3021,-7.755480483447603
3022,2.6418921333322727
3023,-3.49085782036443
3024,-6.03595195467958
3025,-14.631962909142635
3026,-12.334507482766162
3027,-7.267347877357655
3028,6.580944978713457
3029,-7.277568188929739
3030,-11.32915373523108
3031,-11.925804300788945
3032,-12.253011943198066
3033,-0.7031576994809018
3034,-11.597724212165735
3035,-10.100139102074513
3036,-11.597903574081533
3037,-12.366601753419195
3038,-11.705723964073036
3039,-12.541371621930443
3040,-14.504538694243342
3041,-7.060275067115048
3042,-18.489688409801122
3043,-11.4201707683437
3044,-13.788113403687452
3045,-4.096897283385691
3046,3.559127820287837
3047,-9.153815244002976
3048,-12.62302953869173
3049,-6.685543197480432
3050,-5.825520265356748
3051,-24.508346232497818
3052,-13.981231201899822
3053,-11.977514822790885
3054,42.856081516434664
3055,-11.718325511036687
3056,-1.4813245912223225
3057,5.766553543568558
3058,3.003889196144452
3059,-10.93946678084419
3060,-3.261230208755909
3061,-10.801092553387184
3062,-7.155413129873954
3063,-10.126787435896835
3064,-12.209270405980964
3065,4.0598594662356176
3066,11.811496056033798
3067,-13.06870361946992
3068,-12.259152693353348
3069,-14.615494822991854
3070,4.26700360560974
3071,-10.893594371243557
3072,-9.084272358352314
3073,-7.622340987179517
3074,-1.2268574100066632
3075,-1.1067467878121748
3076,-12.064383942532436
3077,-12.226781203008136
3078,-12.28684900652613
3079,-2.423279861784498
3080,-12.3126970379976
3081,-10.541191334908467
3082,-8.448965352764821
3083,-5.821519697220059
3084,-4.687736308610487
3085,-11.52856031137569
3086,-3.958829150962832
3087,-2.8508271241664476
3088,-19.48577471277483
3089,-9.563431642963655
3090,-1.6418878552826515
3091,-2.2881880940180723
3092,-2.640319062911634
3093,2.891319501800832
3094,-15.324455012317662
3095,-15.846103505106361
3096,-9.654406761593213
3097,-18.213800976445302
3098,-15.29774328833489
3099,-12.606353995371569
3100,-13.891856859108406
3101,-11.531470348937978
3102,-11.454442276142322
3103,1.2931360796187858
3104,-11.033217662326456
3105,-11.927214899634668
3106,-26.102264826571147
3107,-9.623683315690391
3108,-12.610873692135533
3109,3.975383575595994
3110,-6.6212271866975
3111,-7.468850712265952
3112,-6.177333807022909
3113,-12.387552194879822
3114,-8.40169734512026
3115,-18.043912738282845
3116,-13.644230622474856
3117,4.38726792865648
3118,-4.923666818130617
3119,-4.6883527930958495
3120,-7.0872289710400524
3121,-12.252589074785169
3122,-17.76932061320574
3123,-6.9970730852923895
3124,-3.962191986526226
3125,-9.702375417838516
3126,-14.519564917159618
3127,-9.902085125046574
3128,-11.99547478725342
3129,-0.29588772840017896
3130,-7.466135673050506
3131,-6.524451831742657
3132,-15.542087588979916
3133,-13.83789423894766
3134,-12.466373753953098
3135,-2.2477096337938507
3136,-7.829890794686865
3137,-4.727645899311459
3138,-11.454482639703178
3139,-1.8615612675307363
3140,-12.559496292534709
3141,-14.223068924790345
3142,-14.596319526633556
3143,-2.6199588799486024
3144,-7.367882535829698
3145,-6.325758657330401
3146,-16.79734281519038
3147,-15.065025286016384
3148,-11.064120516607067
3149,3.9023457192947957
3150,4.7383844472979275
3151,-18.604232543429564
3152,-14.009205114487008
3153,-9.55846931005451
3154,-16.161495426038957
3155,-20.16350981071398
3156,-1.4988665589439494
3157,-14.250060710866341
3158,-16.729262683085356
3159,-12.627165596945337
3160,-9.580910043777726
3161,-14.748573703194301
3162,-4.348817752560511
3163,-13.516894768086308
3164,-23.489101483660736
3165,-14.895718799727069
3166,-3.186328438583108
3167,-10.555793192402211
3168,-2.7101072399677593
3169,-10.547892918220418
3170,-5.674521773869832
3171,-10.113216175766388
3172,-11.501575927094086
3173,-10.901830722413683
3174,-8.95401640759835
3175,1.7117184476456044
3176,-14.25143706967035
3177,-14.127929508126249
3178,-10.493456815499462
3179,-21.638302179627747
3180,-17.126251966766606
3181,-11.341389510708245
3182,-11.641024126047773
3183,-3.291384266684166
3184,-14.593310609082868
3185,-11.266170998259872
3186,-24.547562085022467
3187,-15.677664697058821
3188,-6.692095718019549
3189,-3.8936969182754853
3190,-10.86064948071496
3191,-14.246480921752186
3192,-14.534955743776186
3193,-12.970943941842483
3194,-25.002140541855145
3195,-13.942029017665368
3196,-10.364270191728314
3197,-1.9950506474747032
3198,-12.039611748208221
3199,-2.380233206210481
3200,-6.544432895499061
3201,-15.824108185073305
3202,-11.507019411048963
3203,-4.485688144183745
3204,-6.005623351536518
3205,-11.895719757332222
3206,-11.649747742903378
3207,-10.935692938108764
3208,-16.550079830455136
3209,-15.290156268228634
3210,-5.113804542345382
3211,-4.6236607165514885
3212,-10.124216408103598
3213,-8.276473067559413
3214,-19.722508268019258
3215,-20.29438081718715
3216,-2.3434303567177937
3217,-9.368512375721798
3218,-4.2213148484013105
3219,-4.514611080898679
3220,-12.616566458143529
3221,-19.604949950545663
3222,-10.320027825739976
3223,-13.404026516295266
3224,-12.162840434981694
3225,-9.586064682589017
3226,9.38541928516363
3227,-8.953774615426914
3228,-1.8855502383139298
3229,-13.07360315679532
3230,-10.191895625940992
3231,-10.296930379626223
3232,1.6701233650255984
3233,-13.268245197599276
3234,2.93154766499472
3235,0.9603064363396027
3236,-1.6247708507812364
3237,-17.919549700464334
3238,-2.2004586491793576
3239,-8.62794225281275
3240,1.719465899199828
3241,-13.65143779317575
3242,-13.465752294501248
3243,1.5006799687021397
3244,-3.6379332758483303
3245,-11.092092777114408
3246,-13.181358030640217
3247,-13.935744291506557
3248,-10.369511910217147
3249,2.173529204150351
3250,-2.672740077877255
3251,-12.797645129151965
3252,-14.62438892397538
3253,-10.51696038184898
3254,-8.781504011995343
3255,-17.077702882633705
3256,-7.431532834008498
3257,-5.4380041425324395
3258,-11.138206350748055
3259,-4.256134611601259
3260,-9.928241329887419
3261,-12.874866048266517
3262,-11.36881162967527
3263,-13.149172905233604
3264,-24.633943799657093
3265,-14.700838598978839
3266,-14.864751474432955
3267,3.380405682390598
3268,-16.715013821921705
3269,-14.35571685717648
3270,-13.871608100099797
3271,7.609774523948114
3272,-7.907773123045875
3273,-9.80884232850392
3274,-5.733687567828814
3275,-6.802353173097321
3276,-15.7876203035971
3277,-36.692225289054
3278,-15.769713384875535
3279,-13.591558451203559
3280,-5.583910475709193
3281,-4.77132384788499
3282,3.336497102737236
3283,-6.859842123605152
3284,-2.698714298009212
3285,-15.802040126518
3286,-15.14367109237944
3287,-10.829189901256063
3288,-22.83930597276728
3289,-9.5730515207101
3290,-13.315751420449919
3291,-13.27326948392099
3292,-16.067839342092586
3293,-12.003048495291727
3294,-0.8105403405129198
3295,0.28924806908028244
3296,-2.710370488597822
3297,-10.82403825486424
3298,-14.747237461587678
3299,-21.684506476823547
3300,-11.3510401490307
3301,-7.513209330268613
3302,-13.972151051465039
3303,-13.74402054892514
3304,-23.527899990196122
3305,-6.2814869875050805
3306,-11.33614914878442
3307,-15.679383053194647
3308,-9.413576935759897
3309,-5.05477022989496
3310,-4.903274351099729
3311,-14.9853393759872
3312,-14.284306367188469
3313,-16.785782805748998
3314,-13.169880596496546
3315,1.028501902178756
3316,-14.460038494052673
3317,-17.15488603308447
3318,11.459955590081131
3319,-11.146800122565287
3320,5.499639423233499
3321,-17.42280221085227
3322,-11.355589819133888
3323,-3.7005565009853614
3324,-15.223425276878947
3325,2.6791810843542647
3326,13.585424165231212
3327,-13.928893270471667
3328,-13.196308179696166
3329,-22.67957483385678
3330,-14.203391912451911
3331,32.053435783703684
3332,-22.56092341544306
3333,-15.37529848893107
3334,-7.729722560967706
3335,-15.10001054226584
3336,6.113609700758867
3337,43.94209403544303
3338,-15.920657917395578
3339,-1.3669941104073802
3340,-15.080847825440719
3341,-0.3573253789597618
3342,-12.099957448508098
3343,-10.54248696214197
3344,-10.145833922992528
3345,-17.712976827718624
3346,-3.4576748460530995
3347,-3.2166163277210886
3348,-10.884392185648244
3349,-1.1932175929304991
3350,-13.154625073394959
3351,-11.433139831010953
3352,-16.62462583656586
3353,-22.160156680479734
3354,-13.391167705781731
3355,-9.558713195483483
3356,-3.8681853035318214
3357,-20.34328233240146
3358,-10.861224370504237
3359,-15.75966355138869
3360,-0.2893287267629364
3361,-8.827812026565402
3362,-15.032426027390533
3363,-1.1023646933494762
3364,-9.496352059966261
3365,-10.153730373192024
3366,-6.261426483895296
3367,9.208087533722642
3368,-9.242735308910573
3369,-8.282045804103722
3370,-11.573051012970586
3371,2.456841941739664
3372,-12.27672840093735
3373,-5.308690819582329
3374,-10.625910058176919
3375,-4.136087416630265
3376,4.343315364955994
3377,-15.400976762738969
3378,-2.609813980288412
3379,-15.698809642901756
3380,-7.250187707898452
3381,-17.14003125553015
3382,-7.709386177561076
3383,-0.5681728589056309
3384,-10.040119630667027
3385,-10.539235170926963
3386,-13.229849716908097
3387,18.44942204117299
3388,-23.514347121360945
3389,-15.410094905555047
3390,-10.535309577145176
3391,-0.32844976375733836
3392,-5.566643666082858
3393,2.941232878628422
3394,-14.50827838946086
3395,4.052914440191922
3396,-15.837977804515026
3397,31.175009447415984
3398,2.2758957760056786
3399,-17.57594792107145
3400,-13.7276943512147
3401,-13.197062508887461
3402,-14.493775466823967
3403,-13.89543161347999
3404,-2.2615150249102713
3405,-13.7247742270142
3406,-18.044575523975684
3407,-14.654474541649028
3408,-15.2533715103468
3409,-11.700542387003656
3410,-13.904318923133792
3411,-2.460123397771416
3412,-8.419845203312866
3413,-20.221287772917524
3414,-4.703637842923375
3415,-14.535450867595932
3416,-12.457549519471717
3417,-9.50631049947558
3418,-11.612336568691694
3419,-14.184087514369343
3420,-12.678045543708754
3421,3.801276308670846
3422,-11.079944562299238
3423,-22.284687793740407
3424,-12.073327219231464
3425,-6.95919379931181
3426,-9.477628089905897
3427,-0.2130111702683496
3428,-10.5558907755262
3429,-16.312160360377195
3430,-12.794702498561014
3431,6.941639810738731
3432,7.840963685496969
3433,4.737671257608805
3434,-3.0080791526065456
3435,4.740379526215771
3436,-12.529090205415264
3437,18.662454642422315
3438,4.002166480229358
3439,7.122388999476494
3440,-15.281379308283908
3441,-9.833719221716342
3442,-16.781264640205766
3443,-12.818151712362555
3444,-0.19378139184889165
3445,-7.916034345789261
3446,-13.15437521473766
3447,-14.171554009486021
3448,2.233038762271941
3449,2.410496878948403
3450,4.905019155079596
3451,-15.056530120192724
3452,-15.610527628974955
3453,-12.526134316544335
3454,-10.505671458690335
3455,-15.68733727189417
3456,-23.906173623894095
3457,-9.596056836733146
3458,-12.511003255386163
3459,-11.592172053094577
3460,-0.05810411643549174
3461,-15.499416867455215
3462,-0.06693951588883806
3463,-12.248112645204378
3464,8.098024585128337
3465,-13.070940361333191
3466,30.17877701959335
3467,-17.09455650076004
3468,-0.49915984224114596
3469,-18.27494714484553
3470,-13.764872457671549
3471,-17.920575293327122
3472,-8.264911685347647
3473,-14.220383539262434
3474,-12.831979658620616
3475,-16.30020394083974
3476,-4.145417688525616
3477,-0.8419521468744949
3478,-19.953506703022388
3479,20.401255563243947
3480,-10.81707955061754
3481,-7.946342455901662
3482,-16.20834185196097
3483,0.7133343787945944
3484,4.045135043056258
3485,-10.350468227909436
3486,-9.069301951558804
3487,-14.845768094971822
3488,-1.3657314621914098
3489,-17.922471320352518
