ID,prediction
0,5.678
1,7.25
2,1.2
3,2.1
4,5.67
5,30.133333333333336
6,5.75
7,0.65
8,4.04
9,6.66
10,8.695
11,6.266666666666667
12,9.55
13,4.290000000000001
14,5.849999999999999
15,10.125
16,6.75
17,4.88
18,0.69
19,5.5
20,5.7
21,6.16
22,2.99
23,3.0
24,12.366666666666667
25,5.86
26,3.225
27,13.75
28,36.5
29,0.8
30,18.0
31,3.5
32,2.8775
33,2.33
34,2.0
35,5.755999999999999
36,4.64
37,3.205
38,4.62
39,6.885
40,1.71
41,4.727499999999999
42,20.27
43,3.293333333333333
44,8.043333333333333
45,5.301666666666667
46,50.0
47,4.49
48,33.9
49,4.4
50,14.19
51,7.152857142857143
52,6.0
53,1.25
54,4.0
55,2.5
56,1.85
57,7.225
58,12.620000000000001
59,9.46
60,4.7
61,3.0
62,9.25
63,10.8
64,10.9
65,4.959285714285714
66,6.75
67,1.5
68,17.5
69,9.35
70,4.14
71,5.6675
72,5.5
73,5.15
74,36.5
75,18.5
76,5.9
77,0.7
78,5.0
79,3.603333333333333
80,8.3
81,13.61
82,11.15
83,34.0
84,16.75
85,12.0
86,6.03
87,2.96
88,6.45
89,21.5
90,5.3125
91,16.58
92,21.869999999999997
93,4.890769230769231
94,13.283333333333331
95,1.62
96,3.1
97,4.74
98,6.79
99,14.9
100,7.1850000000000005
101,2.48
102,4.75
103,6.3933333333333335
104,7.881666666666668
105,11.585
106,3.6300000000000003
107,1.834
108,3.7
109,5.765000000000001
110,6.051111111111112
111,5.593333333333334
112,17.56
113,4.959285714285714
114,5.521111111111111
115,6.146666666666666
116,2.85
117,0.58
118,5.115
119,5.8933333333333335
120,16.2
121,38.9
122,9.53
123,10.15
124,2.6
125,2.65
126,2.966
127,5.52
128,5.173333333333333
129,1.675
130,5.295
131,7.01
132,12.75
133,8.11
134,7.2
135,5.172499999999999
136,6.016666666666666
137,4.0
138,5.95
139,8.0
140,3.85
141,2.5
142,7.015000000000001
143,50.0
144,5.692
145,4.922499999999999
146,5.0
147,6.0
148,52.5
149,6.75
150,7.89
151,5.836666666666667
152,2.08
153,9.0
154,5.5
155,15.9
156,4.59
157,4.09
158,21.5
159,37.5
160,3.0
161,1.75
162,57.75
163,3.8266666666666667
164,20.0
165,2.225
166,12.9
167,6.2
168,14.99
169,6.705
170,5.0
171,10.78
172,11.66
173,2.85
174,17.75
175,18.5
176,11.75
177,20.0
178,0.87
179,3.2
180,11.4
181,10.75
182,3.6300000000000003
183,11.5
184,4.75
185,3.5420000000000003
186,5.529999999999999
187,7.322
188,10.39
189,7.95
190,6.37
191,2.99
192,7.67
193,3.75
194,9.383333333333335
195,7.85
196,5.5
197,8.666666666666666
198,1.675
199,0.58
200,7.236666666666667
201,10.75
202,5.473333333333334
203,6.77
204,3.65
205,3.67
206,10.27
207,29.8
208,5.305
209,2.51
210,5.99
211,3.36
212,2.7800000000000002
213,9.9
214,5.2219999999999995
215,4.6775
216,1.6700000000000002
217,0.7
218,3.8266666666666667
219,3.99
220,6.5
221,11.375
222,4.946
223,8.675
224,4.32
225,1.44
226,5.7
227,3.05
228,15.85
229,5.135624999999999
230,9.133333333333333
231,13.0
232,3.233333333333333
233,5.85
234,15.75
235,5.521818181818182
236,10.5
237,4.5
238,3.0549999999999997
239,10.875
240,7.569999999999999
241,17.009999999999998
242,2.77
243,3.99
244,6.0
245,6.6
246,0.675
247,3.7
248,5.423333333333333
249,51.0
250,5.425
251,4.6066666666666665
252,11.31
253,7.322
254,3.5549999999999997
255,17.0
256,6.051111111111112
257,8.7475
258,5.84375
259,11.2
260,15.0
261,12.483333333333334
262,24.0
263,18.0
264,4.036666666666666
265,7.9
266,6.0
267,4.7325
268,5.5
269,3.538888888888889
270,6.4
271,3.97
272,3.7
273,3.08
274,3.5
275,35.75
276,14.9
277,25.9
278,9.15
279,1.15
280,4.3
281,17.75
282,7.08
283,7.33
284,3.65
285,5.25
286,14.605
287,14.4
288,4.38
289,7.73
290,17.5
291,8.63
292,7.1850000000000005
293,9.45
294,6.3
295,6.38
296,4.41
297,8.2
298,4.9
299,7.13
300,2.31
301,7.01
302,4.728333333333333
303,10.15
304,4.82
305,13.75
306,8.47
307,7.68
308,10.5
309,14.5
310,6.855
311,9.45
312,5.81
313,3.25
314,3.5
315,3.106666666666667
316,2.42
317,5.341428571428571
318,3.5750000000000006
319,3.47
320,7.43
321,4.09
322,5.7
323,7.02
324,13.95
325,1.8333333333333337
326,1.1
327,5.897500000000001
328,5.202500000000001
329,22.5
330,10.0
331,4.75
332,1.75
333,7.1
334,15.0
335,4.1
336,35.0
337,16.4
338,3.8266666666666667
339,6.34
340,10.5
341,14.5
342,3.2
343,4.246666666666667
344,19.9
345,4.35
346,14.5
347,3.435
348,8.5
349,3.39
350,3.84
351,5.5
352,1.8800000000000001
353,7.89
354,3.8033333333333332
355,3.9875000000000003
356,5.48
357,15.5
358,5.55
359,8.6
360,3.18
361,15.5
362,3.85
363,4.3
364,1.45
365,5.055
366,1.99
367,14.25
368,10.68
369,6.1499999999999995
370,16.4
371,7.95
372,6.0
373,2.0
374,1.7
375,1.5
376,6.15
377,4.8
378,5.0
379,26.5
380,5.2375
381,28.5
382,4.125
383,10.983333333333334
384,3.5549999999999997
385,7.53
386,6.41
387,3.89
388,5.21
389,8.38
390,2.26
391,11.075
392,2.85
393,3.85
394,3.25
395,6.02
396,115.0
397,4.6
398,6.456
399,3.94
400,5.37
401,4.0
402,20.0
403,12.465
404,39.95
405,7.54
406,10.746
407,5.745
408,2.6325000000000003
409,1.6483333333333332
410,6.5
411,4.1
412,19.125
413,11.0
414,10.9675
415,2.175
416,4.483333333333333
417,0.90541
418,6.5
419,7.0
420,3.735
421,3.95
422,8.9
423,4.95
424,2.6
425,3.85
426,4.5
427,4.66
428,8.9
429,1.2
430,13.25
431,5.166666666666667
432,2.59
433,3.106666666666667
434,3.25
435,2.95
436,5.0
437,3.0300000000000002
438,19.25
439,2.6
440,3.33
441,8.61
442,2.95
443,2.565
444,5.950000000000001
445,4.359999999999999
446,9.425
447,4.135
448,10.1
449,3.816666666666667
450,5.0
451,4.706666666666667
452,3.9
453,12.75
454,15.0
455,5.5
456,42.0
457,4.6775
458,2.7800000000000002
459,2.9
460,3.2580000000000005
461,7.216666666666666
462,4.19
463,10.0
464,5.5
465,3.176666666666667
466,10.8
467,4.01
468,3.84
469,4.641666666666667
470,29.0
471,5.75
472,5.796153846153846
473,4.14
474,1.6700000000000002
475,18.5
476,9.8
477,21.75
478,21.0
479,2.175
480,10.0
481,4.5
482,3.3675
483,12.99
484,5.15
485,15.75
486,2.55
487,5.7025
488,3.5100000000000002
489,5.202500000000001
490,3.615
491,1.78
492,4.385
493,11.25
494,43.5
495,7.88
496,54.75
497,4.300000000000001
498,4.29
499,5.973333333333334
500,6.925
501,11.5
502,29.9
503,7.01
504,9.0
505,14.0
506,11.25
507,5.675000000000001
508,2.6
509,4.55
510,8.763333333333334
511,9.15
512,4.926666666666667
513,4.706666666666667
514,31.95
515,9.5
516,115.0
517,4.9
518,24.625
519,0.75
520,6.76
521,8.95
522,19.25
523,4.075
524,1.85
525,5.341428571428571
526,4.901666666666666
527,4.0
528,3.45
529,3.72
530,20.95
531,14.0
532,21.869999999999997
533,8.12
534,5.2375
535,5.39
536,2.526666666666667
537,5.946
538,29.5
539,1.8042857142857145
540,5.7299999999999995
541,48.5
542,7.1850000000000005
543,5.96
544,7.7
545,7.236666666666667
546,8.25
547,15.75
548,38.0
549,4.65
550,7.5
551,3.0
552,1.7
553,4.925
554,8.6625
555,8.405000000000001
556,2.4699999999999998
557,4.4
558,18.416666666666668
559,3.175
560,4.5424999999999995
561,8.030833333333332
562,22.19
563,2.06
564,4.51
565,7.0
566,3.5999999999999996
567,2.2
568,10.8
569,9.569999999999999
570,25.5
571,2.825
572,3.425
573,6.2
574,3.676666666666667
575,4.739999999999999
576,19.95
577,20.25
578,3.7
579,9.9
580,3.0
581,7.43
582,4.7325
583,2.825
584,2.85
585,29.9
586,2.4333333333333336
587,5.65
588,16.99
589,3.95
590,2.96
591,6.501818181818183
592,3.39
593,6.16
594,0.96107
595,6.9
596,3.953333333333333
597,5.136666666666667
598,7.75
599,6.1000000000000005
600,37.9
601,12.0
602,6.501818181818183
603,7.5
604,14.25
605,8.7
606,8.25
607,2.85
608,2.2
609,4.486666666666666
610,6.114999999999999
611,5.16
612,5.4
613,2.0500000000000003
614,0.74
615,3.778
616,3.791428571428572
617,4.51
618,3.15
619,7.0
620,1.6483333333333332
621,11.19
622,39.0
623,4.89
624,1.9
625,8.71
626,7.3
627,11.45
628,6.4423076923076925
629,6.53
630,6.233076923076924
631,17.99
632,6.626666666666666
633,18.0
634,13.957999999999998
635,23.5
636,17.009999999999998
637,8.73
638,5.85
639,3.2566666666666664
640,5.709166666666666
641,31.5
642,15.11
643,11.166666666666666
644,3.5133333333333336
645,1.52
646,2.5999999999999996
647,15.08
648,8.25
649,3.02
650,3.6
651,9.5
652,7.152857142857143
653,9.25
654,10.003333333333332
655,13.95
656,14.19
657,7.85
658,8.25
659,7.1
660,3.4966666666666666
661,11.674999999999999
662,6.6
663,5.215999999999999
664,3.936666666666667
665,4.75
666,0.6
667,11.4
668,3.0
669,3.3733333333333335
670,6.355
671,6.35
672,1.8
673,7.88
674,6.79
675,12.4
676,3.95
677,5.0
678,5.85
679,11.66
680,10.8
681,2.0
682,10.5
683,13.75
684,5.25
685,4.498333333333334
686,28.0
687,6.29
688,2.85
689,9.065
690,0.74
691,12.5
692,4.9
693,1.6928571428571428
694,5.382
695,6.5
696,6.953636363636363
697,14.32
698,2.0
699,5.8
700,4.43
701,7.925
702,10.0
703,1.77
704,7.5
705,3.71
706,3.106666666666667
707,4.09
708,8.47
709,7.25
710,5.6
711,4.763333333333333
712,2.6
713,27.35
714,1.75
715,4.95
716,2.7
717,7.0
718,3.8483333333333327
719,8.5
720,6.084444444444444
721,3.74
722,4.9
723,13.716666666666667
724,9.77
725,12.745000000000001
726,2.5759999999999996
727,11.75
728,5.724000000000001
729,6.345000000000001
730,7.0633333333333335
731,3.0
732,8.030833333333332
733,36.99
734,6.65
735,3.02
736,3.496
737,9.475
738,8.28
739,5.183333333333333
740,3.23
741,5.2375
742,3.5
743,10.0
744,4.324999999999999
745,14.0
746,10.25
747,2.042142857142857
748,12.25
749,12.133333333333333
750,5.92
751,1.8333333333333337
752,6.37
753,16.75
754,16.95
755,4.0
756,22.325000000000003
757,8.26
758,2.2525000000000004
759,3.8
760,48.5
761,6.37
762,9.125
763,6.99
764,9.78
765,6.318
766,56.0
767,16.5
768,8.8
769,40.75
770,6.5
771,7.09
772,1.834
773,2.85
774,5.593333333333334
775,6.65
776,6.146666666666666
777,6.114999999999999
778,40.0
779,2.43
780,10.875
781,5.2
782,1.1
783,19.0
784,5.510000000000001
785,7.4
786,5.35
787,2.8699999999999997
788,5.58
789,1.9
790,8.075
791,3.25
792,7.99
793,1.65
794,10.25
795,15.83
796,8.695
797,20.9
798,9.9
799,5.12
800,5.633333333333333
801,5.983333333333333
802,16.5
803,13.0
804,4.966666666666667
805,3.79
806,6.735714285714287
807,2.59
808,7.5
809,5.8325000000000005
810,6.6000000000000005
811,6.4375
812,19.8
813,6.75
814,3.14
815,4.575
816,18.6
817,3.791428571428572
818,2.545
819,7.9
820,5.47
821,4.8
822,4.56
823,10.8
824,24.8
825,8.026666666666666
826,7.4
827,8.15
828,2.9
829,12.75
830,3.52
831,3.025
832,22.75
833,12.625
834,9.9
835,5.8
836,1.25
837,4.04
838,1.484
839,3.6999999999999997
840,4.126666666666666
841,8.9
842,6.125
843,2.4375
844,7.881666666666668
845,8.104444444444445
846,3.33
847,2.6
848,4.21
849,12.825
850,8.75
851,5.93
852,5.33
853,9.37
854,4.5225
855,5.5249999999999995
856,1.275
857,29.0
858,1.2
859,4.235
860,2.5
861,0.85
862,5.95
863,3.72
864,4.443333333333333
865,5.2
866,6.2
867,7.455
868,1.105
869,9.45
870,64.5
871,8.9
872,3.6133333333333333
873,15.25
874,3.25
875,3.0250000000000004
876,12.5
877,4.49
878,3.865
879,6.2
880,7.5
881,3.2166666666666663
882,4.7316666666666665
883,12.465
884,4.529999999999999
885,5.724000000000001
886,10.485
887,11.0
888,2.3666666666666667
889,1.4
890,1.426
891,5.49
892,6.4
893,6.0
894,5.57
895,3.9599999999999995
896,3.2
897,0.76479
898,7.98
899,1.1
900,3.85
901,12.25
902,4.925000000000001
903,5.39
904,5.521818181818182
905,1.78
906,7.0
907,1.6
908,6.67
909,4.04
910,2.565
911,10.166666666666666
912,10.5
913,6.111428571428571
914,10.45
915,5.75
916,3.2560000000000002
917,25.375
918,8.95
919,9.81
920,2.1
921,8.175
922,4.966666666666667
923,7.043333333333333
924,8.65
925,5.0
926,5.25
927,12.656666666666666
928,24.5
929,6.55
930,3.25
931,5.75
932,2.76
933,18.5
934,12.625
935,4.5
936,8.68
937,11.075
938,14.25
939,3.1
940,4.845
941,20.9
942,5.86
943,5.85
944,18.5
945,19.0
946,12.0
947,7.332857142857143
948,3.6
949,9.91
950,0.75
951,1.87
952,1.85
953,3.65
954,8.5
955,1.0
956,19.25
957,19.0
958,5.301666666666667
959,5.42
960,2.005
961,9.5
962,5.1000000000000005
963,8.4
964,3.1975
965,15.11
966,3.85
967,30.0
968,4.0
969,13.5
970,3.0533333333333332
971,8.35
972,0.65
973,4.95
974,24.75
975,38.75
976,4.35
977,6.55
978,9.456666666666665
979,6.65
980,7.725
981,13.5
982,4.4
983,6.266666666666667
984,6.295
985,4.51
986,16.9
987,4.32
988,3.735
989,25.0
990,14.25
991,8.73
992,20.363333333333333
993,4.85
994,9.0
995,4.98
996,6.784000000000001
997,28.0
998,46.25
999,3.88
1000,11.0
1001,5.3
1002,13.26
1003,22.7
1004,5.5
1005,10.69
1006,36.5
1007,2.99
1008,1.3
1009,12.99
1010,5.3
1011,8.24
1012,4.1
1013,4.84
1014,6.785
1015,11.85
1016,4.46
1017,8.075
1018,3.6733333333333333
1019,8.889999999999999
1020,2.86
1021,1.6483333333333332
1022,6.890625000000001
1023,5.7925
1024,13.9
1025,4.9
1026,4.18
1027,11.5
1028,6.4375
1029,2.825
1030,12.292857142857144
1031,3.45
1032,10.75
1033,8.9
1034,11.07
1035,3.9749999999999996
1036,2.97
1037,4.901666666666666
1038,3.185
1039,5.61
1040,6.32
1041,14.14
1042,0.675
1043,7.015000000000001
1044,4.5
1045,4.6466666666666665
1046,2.5
1047,45.0
1048,7.65
1049,10.5
1050,15.75
1051,6.5
1052,6.69
1053,2.78
1054,5.7299999999999995
1055,7.6
1056,7.85
1057,7.375
1058,3.5549999999999997
1059,7.0
1060,8.35
1061,9.870000000000001
1062,0.65
1063,6.13
1064,3.615
1065,4.025
1066,5.5600000000000005
1067,9.99
1068,2.08
1069,2.7
1070,2.5
1071,5.0
1072,25.21
1073,1.675
1074,8.66
1075,8.97
1076,7.0
1077,11.944285714285714
1078,8.45
1079,3.5750000000000006
1080,11.873333333333335
1081,3.88
1082,7.32
1083,6.146666666666666
1084,3.71
1085,3.5
1086,7.166666666666667
1087,26.95
1088,8.5
1089,4.905714285714285
1090,6.640000000000001
1091,5.1866666666666665
1092,12.9
1093,6.75
1094,8.0
1095,1.735
1096,4.9975000000000005
1097,13.149999999999999
1098,12.0
1099,6.3933333333333335
1100,9.9
1101,2.49
1102,10.5
1103,4.13
1104,6.205
1105,7.1175
1106,19.25
1107,7.8
1108,38.5
1109,2.84
1110,13.25
1111,13.5
1112,16.74
1113,7.69
1114,4.08
1115,8.625
1116,12.375
1117,4.75
1118,15.9
1119,4.045
1120,38.75
1121,1.05
1122,24.0
1123,8.5
1124,14.9
1125,3.435
1126,4.75
1127,5.31
1128,17.75
1129,9.9125
1130,6.0
1131,4.6
1132,16.21
1133,4.43
1134,2.904
1135,4.04
1136,5.382
1137,13.5
1138,3.795714285714286
1139,8.28
1140,6.890625000000001
1141,11.81
1142,6.1433333333333335
1143,9.75
1144,4.515000000000001
1145,9.4
1146,13.0
1147,4.0
1148,6.404999999999999
1149,11.1
1150,7.083333333333333
1151,8.47
1152,4.5600000000000005
1153,3.33
1154,2.5
1155,8.586666666666666
1156,2.8
1157,10.21
1158,9.08
1159,6.25
1160,16.04
1161,1.7625
1162,4.407142857142857
1163,1.6483333333333332
1164,5.5249999999999995
1165,7.5
1166,11.1
1167,7.1
1168,5.709166666666666
1169,3.0
1170,5.172499999999999
1171,5.41
1172,4.151666666666666
1173,1.7625
1174,4.548333333333333
1175,15.0
1176,2.9
1177,3.435
1178,6.79
1179,6.5
1180,12.0
1181,8.5
1182,0.85
1183,10.08
1184,4.903333333333333
1185,6.75
1186,4.0
1187,5.67
1188,3.106666666666667
1189,12.5
1190,4.9875
1191,18.9
1192,12.63
1193,7.0
1194,2.8244444444444445
1195,1.805
1196,1.11
1197,59.75
1198,5.5249999999999995
1199,7.99
1200,2.1
1201,4.6
1202,4.0
1203,4.91
1204,4.7
1205,7.0
1206,3.953333333333333
1207,0.9
1208,3.9
1209,4.0
1210,2.75
1211,13.5
1212,3.81
1213,35.0
1214,7.489999999999999
1215,2.8939999999999997
1216,3.85
1217,2.65
1218,7.25
1219,3.615
1220,8.5
1221,5.5
1222,1.45
1223,4.36
1224,2.7
1225,2.6
1226,6.051111111111112
1227,7.9
1228,6.836666666666667
1229,5.43
1230,20.25
1231,8.026666666666666
1232,5.724000000000001
1233,30.95
1234,5.605
1235,3.23
1236,19.8
1237,5.529999999999999
1238,3.77
1239,1.2
1240,10.125
1241,8.75
1242,6.705
1243,5.7
1244,4.9875
1245,5.75
1246,1.45
1247,4.296666666666667
1248,1.1
1249,4.728333333333333
1250,4.6125
1251,8.485
1252,3.0
1253,5.05
1254,2.2525000000000004
1255,2.972
1256,4.133333333333333
1257,6.27
1258,6.640000000000001
1259,4.55
1260,8.75
1261,4.962857142857142
1262,8.0
1263,4.875
1264,3.5
1265,7.5
1266,23.5
1267,3.453333333333333
1268,2.955
1269,10.5
1270,4.85
1271,5.096666666666667
1272,11.5
1273,14.5
1274,8.3
1275,6.51
1276,19.75
1277,46.25
1278,13.5
1279,4.93
1280,2.4
1281,2.66
1282,1.75
1283,4.498333333333334
1284,10.9675
1285,3.25
1286,12.93
1287,10.5
1288,3.4
1289,3.245
1290,11.45
1291,11.674999999999999
1292,70.0
1293,3.15
1294,8.466666666666667
1295,40.75
1296,5.426666666666667
1297,1.15
1298,24.75
1299,6.501818181818183
1300,3.46
1301,14.935
1302,6.63
1303,5.678
1304,8.12
1305,1.6483333333333332
1306,5.5
1307,15.04
1308,11.66
1309,7.375
1310,4.125
1311,5.172499999999999
1312,4.425000000000001
1313,6.8
1314,7.92
1315,4.73
1316,3.5
1317,7.75
1318,7.0
1319,3.89
1320,4.1
1321,9.8
1322,14.25
1323,6.75
1324,8.5
1325,4.824
1326,6.1499999999999995
1327,5.7
1328,3.7350000000000003
1329,6.784000000000001
1330,40.725
1331,34.0
1332,3.94
1333,4.0
1334,10.5
1335,7.4
1336,2.676666666666667
1337,10.5
1338,3.615
1339,4.2
1340,13.0
1341,6.95
1342,2.4850000000000003
1343,1.25
1344,1.9
1345,1.4766666666666666
1346,12.203333333333333
1347,5.0625
1348,6.46
1349,6.953636363636363
1350,6.0
1351,2.59
1352,7.933333333333334
1353,7.36
1354,1.9700000000000002
1355,3.75
1356,7.074999999999999
1357,6.34
1358,4.4719999999999995
1359,4.65
1360,19.75
1361,56.0
1362,11.075
1363,11.25
1364,19.25
1365,23.95
1366,9.5
1367,3.89
1368,2.4
1369,4.72
1370,8.99
1371,5.96
1372,8.12
1373,6.585
1374,5.053333333333334
1375,62.0
1376,4.765000000000001
1377,18.5
1378,17.95
1379,9.0
1380,38.25
1381,7.0
1382,7.505
1383,5.11
1384,3.49
1385,4.275
1386,4.466666666666666
1387,10.75
1388,5.950000000000001
1389,9.54
1390,12.7
1391,5.0
1392,29.0
1393,6.381764705882354
1394,4.0
1395,12.05
1396,5.605
1397,6.25
1398,2.13
1399,2.75
1400,0.8
1401,2.55
1402,3.1327272727272724
1403,57.75
1404,3.496
1405,36.9
1406,2.545
1407,9.26
1408,12.5
1409,5.1000000000000005
1410,2.955
1411,8.0
1412,2.0
1413,3.15
1414,3.7
1415,7.26
1416,3.2
1417,10.5
1418,20.0
1419,3.3
1420,6.506666666666667
1421,103.0
1422,13.5
1423,7.0
1424,3.3449999999999998
1425,11.5
1426,5.7
1427,7.39
1428,8.0
1429,15.91
1430,5.865
1431,5.39
1432,6.3933333333333335
1433,6.29
1434,8.5
1435,4.922499999999999
1436,7.25
1437,7.2250000000000005
1438,2.0
1439,3.2
1440,7.36
1441,4.9
1442,6.35
1443,6.6
1444,3.75
1445,16.5
1446,0.7
1447,9.0
1448,5.596
1449,6.906666666666666
1450,8.185
1451,3.2
1452,3.74
1453,8.06
1454,5.51
1455,11.0
1456,6.5
1457,8.95
1458,18.148
1459,5.5
1460,1.86
1461,18.0
1462,42.5
1463,2.5
1464,6.5
1465,33.0
1466,4.24
1467,6.646666666666666
1468,5.25
1469,4.3
1470,3.735
1471,5.4
1472,2.9
1473,3.19
1474,3.25
1475,0.5
1476,2.62
1477,1.75
1478,2.32
1479,7.25
1480,28.5
1481,2.8
1482,8.833333333333334
1483,10.22
1484,1.7
1485,6.37
1486,4.7
1487,17.475
1488,18.6
1489,4.876666666666667
1490,3.39
1491,4.498333333333334
1492,33.0
1493,5.8
1494,1.9733333333333334
1495,5.206666666666666
1496,7.5
1497,7.02
1498,4.0
1499,6.949999999999999
1500,8.5
1501,4.0375
1502,11.05
1503,3.025
1504,32.65
1505,9.9125
1506,2.3242857142857143
1507,7.74
1508,13.4
1509,7.5
1510,4.0375
1511,24.99
1512,3.25
1513,4.8
1514,14.9
1515,12.0
1516,6.06
1517,4.805000000000001
1518,3.496
1519,5.950000000000001
1520,4.548333333333333
1521,10.344285714285714
1522,8.905000000000001
1523,7.74
1524,9.55
1525,2.4
1526,6.24
1527,6.85
1528,4.1
1529,3.985
1530,8.95
1531,40.75
1532,6.758333333333333
1533,7.5680000000000005
1534,4.890769230769231
1535,36.0
1536,5.53
1537,5.897500000000001
1538,5.055
1539,5.866363636363636
1540,3.95
1541,3.268
1542,25.599999999999998
1543,4.2871428571428565
1544,2.68
1545,4.7
1546,28.75
1547,5.875
1548,7.9
1549,4.242857142857143
1550,3.3733333333333335
1551,6.0
1552,3.5
1553,7.975
1554,4.25
1555,4.256666666666666
1556,4.1
1557,35.0
1558,25.0
1559,6.355
1560,5.8
1561,3.04
1562,56.0
1563,3.9033333333333338
1564,3.51
1565,15.0
1566,3.788461538461539
1567,6.91
1568,43.5
1569,10.35
1570,12.780000000000001
1571,4.46
1572,6.501818181818183
1573,7.66
1574,6.836666666666667
1575,5.39
1576,1.45
1577,7.25
1578,7.25
1579,4.225
1580,12.0
1581,2.8
1582,7.87
1583,8.0
1584,4.5
1585,4.4719999999999995
1586,4.445
1587,4.38
1588,1.65
1589,12.09
1590,4.962857142857142
1591,6.1000000000000005
1592,3.94
1593,5.38
1594,9.3
1595,6.5
1596,9.6
1597,6.215999999999999
1598,3.0
1599,6.15
1600,4.275
1601,0.8
1602,4.0
1603,2.46
1604,6.99
1605,7.43
1606,9.01
1607,1.0
1608,37.0
1609,23.55
1610,8.625
1611,8.65
1612,5.67
1613,5.23
1614,6.0600000000000005
1615,4.126666666666666
1616,2.7
1617,6.25
1618,2.12
1619,10.85
1620,10.55
1621,9.23
1622,6.345000000000001
1623,6.44
1624,3.62125
1625,8.88
1626,0.55
1627,23.95
1628,2.22
1629,5.0
1630,6.41
1631,4.8
1632,2.25
1633,8.63
1634,1.65
1635,3.9599999999999995
1636,5.5
1637,4.55
1638,16.0
1639,9.99
1640,3.5100000000000002
1641,2.25
1642,14.950000000000001
1643,11.95
1644,3.27
1645,5.635
1646,8.5
1647,10.0
1648,0.7
1649,12.2
1650,8.225
1651,7.99
1652,3.2
1653,5.366666666666667
1654,2.433333333333333
1655,2.35
1656,5.263333333333334
1657,3.825
1658,5.725
1659,4.39
1660,5.94
1661,4.290000000000001
1662,0.75
1663,8.61
1664,4.25
1665,8.5
1666,5.165
1667,10.216666666666667
1668,7.65
1669,6.83
1670,6.401428571428572
1671,5.125
1672,5.3
1673,15.17
1674,6.0
1675,17.009999999999998
1676,15.48
1677,3.5
1678,8.2
1679,4.964
1680,5.59
1681,13.0
1682,7.322
1683,5.25
1684,11.4
1685,5.7
1686,4.05
1687,3.0
1688,3.31
1689,15.5
1690,7.12
1691,9.523333333333333
1692,4.25
1693,7.75
1694,3.6925
1695,10.8
1696,9.68
1697,3.0250000000000004
1698,7.41
1699,13.33
1700,5.83
1701,5.035
1702,7.152857142857143
1703,4.7325
1704,34.0
1705,10.0
1706,1.25
1707,45.0
1708,5.510000000000001
1709,17.85
1710,4.75
1711,4.02
1712,8.55
1713,4.0
1714,16.5
1715,6.605000000000001
1716,3.25
1717,44.5
1718,4.922499999999999
1719,6.7
1720,13.9
1721,10.75
1722,7.75
1723,34.0
1724,5.48
1725,28.446666666666662
1726,6.6899999999999995
1727,52.75
1728,16.25
1729,4.475
1730,6.5
1731,1.9
1732,7.05
1733,9.0
1734,6.32
1735,5.575
1736,2.18625
1737,6.953636363636363
1738,2.47
1739,4.0
1740,8.95
1741,1.6928571428571428
1742,10.9
1743,6.4
1744,5.375
1745,7.165
1746,10.9
1747,17.874000000000002
1748,5.973333333333334
1749,17.75
1750,9.9
1751,6.1000000000000005
1752,5.8
1753,1.298
1754,12.5
1755,5.6274999999999995
1756,1.0
1757,12.0
1758,7.8
1759,11.45
1760,5.49
1761,7.2
1762,4.763333333333333
1763,5.99
1764,3.2580000000000005
1765,3.93
1766,3.09
1767,5.39
1768,8.12
1769,5.358750000000001
1770,3.0300000000000002
1771,4.890769230769231
1772,1.9500000000000002
1773,18.5
1774,4.99
1775,8.176666666666666
1776,4.75
1777,5.295
1778,3.85
1779,19.0
1780,5.54
1781,8.0
1782,2.6060000000000003
1783,10.95
1784,4.17
1785,7.95
1786,12.375
1787,10.95
1788,7.8
1789,3.25
1790,2.5
1791,5.138
1792,8.104444444444445
1793,5.7025
1794,4.253333333333333
1795,10.81
1796,2.14
1797,11.02
1798,7.75
1799,6.4
1800,13.5
1801,6.83
1802,5.48
1803,14.9975
1804,6.605000000000001
1805,6.67
1806,1.2
1807,5.828
1808,6.4
1809,4.515000000000001
1810,4.4
1811,6.07
1812,3.51
1813,5.5
1814,2.6
1815,5.99
1816,5.1
1817,3.5
1818,5.49
1819,6.5
1820,3.45
1821,5.950000000000001
1822,6.25
1823,8.75
1824,2.96
1825,1.99
1826,3.1475
1827,6.140000000000001
1828,3.71
1829,3.62
1830,11.5
1831,3.0666666666666664
1832,10.225
1833,6.25
1834,10.7
1835,6.32
1836,17.0
1837,9.45
1838,17.25
1839,5.1
1840,2.1999999999999997
1841,3.45
1842,6.947
1843,4.903333333333333
1844,16.085714285714285
1845,11.66
1846,2.725
1847,5.383333333333334
1848,8.0
1849,6.295
1850,5.2
1851,4.5
1852,12.465
1853,4.0
1854,4.903333333333333
1855,5.7325
1856,13.924999999999999
1857,8.8
1858,6.03
1859,2.4
1860,7.505
1861,50.0
1862,17.075
1863,4.883333333333333
1864,6.0
1865,1.9433333333333334
1866,8.065
1867,6.953636363636363
1868,7.016666666666667
1869,2.84
1870,5.529999999999999
1871,7.0
1872,12.203333333333333
1873,11.25
1874,7.01
1875,3.43
1876,4.425000000000001
1877,4.35
1878,1.2
1879,2.71
1880,4.03
1881,5.11
1882,7.612
1883,4.75
1884,19.0
1885,5.919999999999999
1886,6.1
1887,5.828
1888,7.196666666666666
1889,10.5
1890,3.85
1891,6.33
1892,3.71
1893,8.5
1894,9.9125
1895,7.93
1896,3.75
1897,5.0600000000000005
1898,4.5
1899,1.05
1900,9.125
1901,1.11
1902,3.8480000000000003
1903,6.75
1904,4.925000000000001
1905,27.0
1906,4.6125
1907,6.98
1908,4.99
1909,9.065
1910,5.5249999999999995
1911,8.45
1912,5.135624999999999
1913,6.735714285714287
1914,8.5
1915,3.8266666666666667
1916,6.006666666666667
1917,2.64
1918,28.5
1919,1.6179999999999999
1920,6.7
1921,6.67
1922,9.25
1923,5.5600000000000005
1924,3.5625
1925,7.505
1926,6.95
1927,6.605000000000001
1928,5.76
1929,5.15
1930,4.85
1931,4.95
1932,7.75
1933,3.4924999999999997
1934,1.925
1935,4.6775
1936,6.16
1937,5.2375
1938,3.342
1939,4.175
1940,12.625
1941,12.5
1942,6.65
1943,1.5
1944,5.88
1945,21.5
1946,3.9939999999999998
1947,5.471111111111111
1948,2.18625
1949,5.7
1950,8.5
1951,1.125
1952,6.35
1953,3.135
1954,3.8800000000000003
1955,12.656666666666666
1956,4.575
1957,13.5
1958,4.72
1959,4.922499999999999
1960,12.625
1961,2.3666666666666667
1962,17.5
1963,20.5
1964,7.88
1965,6.5
1966,5.35
1967,11.873333333333335
1968,5.1
1969,3.135
1970,4.498333333333334
1971,4.45
1972,2.49
1973,6.7780000000000005
1974,17.475
1975,2.83
1976,7.25
1977,8.11
1978,6.16
1979,5.72
1980,6.65
1981,6.9
1982,3.33
1983,1.25
1984,4.39
1985,8.55
1986,38.0
1987,3.2824999999999998
1988,5.9
1989,5.39
1990,5.89
1991,17.0
1992,5.48
1993,7.0
1994,4.518571428571429
1995,2.22
1996,1.895
1997,5.545
1998,4.0
1999,7.315
2000,5.334999999999999
2001,2.042142857142857
2002,36.45
2003,9.066666666666666
2004,6.25
2005,5.73
2006,4.23
2007,7.0
2008,4.67
2009,13.5
2010,6.0
2011,5.5
2012,8.5
2013,12.0
2014,23.545
2015,5.78
2016,6.0325
2017,8.25
2018,2.95
2019,6.4423076923076925
2020,4.13
2021,3.3499999999999996
2022,12.5
2023,8.104444444444445
2024,11.0
2025,6.29
2026,15.04
2027,7.4
2028,4.81
2029,16.0
2030,7.5
2031,17.5
2032,5.75
2033,27.0
2034,4.245
2035,17.5
2036,6.65
2037,20.666666666666668
2038,18.75
2039,10.21
2040,3.466666666666667
2041,3.39
2042,7.0
2043,3.1327272727272724
2044,3.6283333333333334
2045,4.95
2046,9.25
2047,8.5
2048,6.923333333333333
2049,7.130909090909092
2050,8.0
2051,2.7
2052,19.25
2053,4.498333333333334
2054,6.5
2055,3.1399999999999997
2056,2.99
2057,2.03
2058,6.59
2059,4.05
2060,3.11
2061,4.5424999999999995
2062,17.825
2063,3.676666666666667
2064,5.049999999999999
2065,17.95
2066,13.8
2067,4.25
2068,10.125
2069,1.7625
2070,6.890625000000001
2071,7.625
2072,5.333333333333333
2073,7.236666666666667
2074,5.765000000000001
2075,5.21
2076,8.55
2077,5.521111111111111
2078,4.75
2079,2.5666666666666664
2080,5.025
2081,0.3
2082,26.0
2083,5.65
2084,5.45
2085,4.81
2086,2.75
2087,6.0600000000000005
2088,7.606666666666666
2089,5.115
2090,2.4333333333333336
2091,1.15
2092,28.75
2093,1.9049999999999998
2094,3.3674999999999997
2095,3.5
2096,3.5
2097,1.8042857142857145
2098,4.59
2099,4.05
2100,8.9
2101,3.18
2102,24.0
2103,53.0
2104,25.375
2105,6.3
2106,3.963333333333333
2107,28.75
2108,2.525
2109,13.299999999999999
2110,3.7383333333333333
2111,4.45
2112,7.43
2113,2.06
2114,4.71
2115,10.95
2116,16.74
2117,5.05
2118,6.0
2119,10.83
2120,7.975
2121,4.2
2122,6.6
2123,6.8
2124,6.5
2125,3.43
2126,4.385
2127,6.625
2128,3.04
2129,8.0
2130,5.7299999999999995
2131,2.042142857142857
2132,3.69
2133,3.293333333333333
2134,7.01
2135,7.99
2136,3.788461538461539
2137,7.85
2138,7.188000000000001
2139,5.1
2140,27.0
2141,2.95
2142,6.15
2143,8.9
2144,1.4
2145,4.2871428571428565
2146,4.842499999999999
2147,3.6
2148,2.4375
2149,7.166666666666667
2150,4.727499999999999
2151,2.175
2152,8.104444444444445
2153,7.35375
2154,6.7780000000000005
2155,3.7
2156,8.14
2157,20.75
2158,23.25
2159,6.947
2160,2.84
2161,4.6899999999999995
2162,8.74
2163,4.35
2164,4.77
2165,35.0
2166,6.16
2167,6.76
2168,4.246666666666667
2169,6.69
2170,7.130909090909092
2171,4.03
2172,2.6060000000000003
2173,3.3200000000000003
2174,14.0
2175,7.25
2176,6.95
2177,31.0
2178,5.64
2179,20.0
2180,2.45
2181,4.5
2182,4.62
2183,8.833333333333334
2184,10.35
2185,5.460000000000001
2186,4.62
2187,6.41
2188,7.49
2189,5.7
2190,6.625
2191,3.25
2192,17.0
2193,6.3933333333333335
2194,2.5666666666666664
2195,3.106
2196,41.75
2197,6.883333333333333
2198,11.75
2199,4.456666666666666
2200,8.466666666666667
2201,5.5
2202,5.25
2203,1.52
2204,11.2
2205,9.25
2206,2.76
2207,11.375
2208,13.0
2209,4.6579999999999995
2210,7.205
2211,3.365
2212,1.275
2213,4.133333333333333
2214,6.0
2215,3.8549999999999995
2216,3.4466666666666668
2217,6.125
2218,3.1
2219,21.869999999999997
2220,4.3
2221,5.0
2222,3.65
2223,5.135624999999999
2224,11.75
2225,3.39
2226,5.24
2227,14.0
2228,2.65
2229,6.381764705882354
2230,2.825
2231,5.025
2232,7.332857142857143
2233,3.5
2234,4.1850000000000005
2235,3.7
2236,9.8
2237,7.375
2238,7.8
2239,6.0
2240,5.605
2241,3.626666666666667
2242,12.75
2243,3.425
2244,5.5
2245,8.9
2246,6.21
2247,36.0
2248,3.0
2249,5.686000000000001
2250,7.525
2251,6.25
2252,2.55
2253,7.79
2254,11.75
2255,3.0
2256,8.47
2257,6.0
2258,6.758333333333333
2259,3.445
2260,4.3100000000000005
2261,3.8549999999999995
2262,8.030833333333332
2263,3.9
2264,12.5
2265,6.1066666666666665
2266,5.049999999999999
2267,9.0
2268,47.075
2269,180.0
2270,4.74
2271,1.75
2272,25.599999999999998
2273,7.119999999999999
2274,10.365
2275,6.45
2276,14.0
2277,5.883333333333333
2278,3.795
2279,2.565
2280,3.19
2281,4.02
2282,4.181666666666667
2283,6.99
2284,6.5375000000000005
2285,3.135
2286,13.99
2287,4.466666666666666
2288,7.130909090909092
2289,5.859999999999999
2290,5.2683333333333335
2291,11.0
2292,2.95
2293,5.0
2294,6.784000000000001
2295,4.470000000000001
2296,4.5
2297,7.32
2298,180.0
2299,3.67
2300,8.625
2301,7.78
2302,4.466666666666666
2303,6.395
2304,4.5
2305,9.596
2306,1.7000000000000002
2307,5.25
2308,24.50333333333333
2309,5.4
2310,4.926666666666667
2311,5.419999999999999
2312,4.03
2313,7.0
2314,4.816666666666667
2315,7.35
2316,6.111428571428571
2317,6.0
2318,6.6
2319,5.521111111111111
2320,16.0
2321,6.947
2322,4.77
2323,4.25
2324,8.1
2325,18.325
2326,43.375
2327,8.95
2328,4.73
2329,7.92
2330,5.602
2331,16.75
2332,25.625
2333,7.5
2334,2.8244444444444445
2335,6.3933333333333335
2336,1.99
2337,24.75
2338,7.82
2339,7.188000000000001
2340,2.95
2341,18.0
2342,4.366666666666666
2343,19.95
2344,8.575
2345,1.3
2346,4.1
2347,4.2
2348,9.75
2349,37.5
2350,3.538888888888889
2351,8.65
2352,7.34
2353,7.85
2354,10.5
2355,115.0
2356,10.75
2357,6.5
2358,3.5549999999999997
2359,4.55
2360,5.59
2361,11.1
2362,6.026666666666666
2363,2.092
2364,7.39
2365,22.95
2366,5.602
2367,15.99
2368,3.8
2369,7.666666666666667
2370,5.0
2371,11.0
2372,6.084444444444444
2373,4.6466666666666665
2374,14.14
2375,9.775
2376,7.0
2377,8.0
2378,6.046666666666667
2379,15.75
2380,19.8
2381,8.625
2382,13.0
2383,17.0
2384,17.5
2385,4.95
2386,6.605000000000001
2387,7.625
2388,6.051111111111112
2389,8.0
2390,3.8483333333333327
2391,3.77
2392,7.1
2393,4.703333333333333
2394,4.525
2395,2.25
2396,3.3919999999999995
2397,14.950000000000001
2398,14.99
2399,3.71
2400,13.0
2401,4.7325
2402,12.375
2403,12.0
2404,19.8
2405,6.925
2406,3.13
2407,8.65
2408,4.3
2409,4.55
2410,5.897500000000001
2411,15.75
2412,3.25
2413,5.6275
2414,4.763333333333333
2415,58.0
2416,5.745
2417,13.956666666666669
2418,2.2525000000000004
2419,6.7725
2420,4.959285714285714
2421,9.125
2422,11.8
2423,1.11
2424,9.23
2425,3.06
2426,4.06
2427,5.05
2428,5.9
2429,7.25
2430,5.461666666666667
2431,8.104444444444445
2432,4.76
2433,0.8
2434,6.25
2435,6.92
2436,18.325
2437,4.922499999999999
2438,5.896666666666666
2439,5.7299999999999995
2440,3.29
2441,3.4000000000000004
2442,10.34
2443,2.45
2444,4.74
2445,41.0
2446,8.0
2447,4.09
2448,26.0
2449,9.37
2450,6.75
2451,3.205
2452,4.765000000000001
2453,5.7925
2454,2.6633333333333336
2455,15.45
2456,7.35375
2457,2.97
2458,4.903333333333333
2459,7.35
2460,17.0
2461,4.03
2462,8.0
2463,4.602499999999999
2464,7.043333333333333
2465,4.516666666666667
2466,6.8
2467,3.01
2468,4.7325
2469,6.93
2470,6.13
2471,4.76
2472,6.65
2473,4.645
2474,12.292857142857144
2475,5.16
2476,40.0
2477,12.656666666666666
2478,19.31
2479,1.45
2480,8.383333333333333
2481,16.0
2482,19.9
2483,8.0
2484,8.030833333333332
2485,5.9
2486,27.0
2487,3.0
2488,3.073333333333333
2489,5.19
2490,4.5
2491,9.066666666666666
2492,6.0
2493,0.6
2494,6.99
2495,1.95
2496,5.4
2497,10.225
2498,7.0
2499,1.62
2500,21.75
2501,4.756363636363636
2502,17.0
2503,9.45
2504,5.51
2505,51.0
2506,12.75
2507,8.745000000000001
2508,11.25
2509,3.5
2510,6.37
2511,2.97
2512,6.6000000000000005
2513,9.56
2514,1.4
2515,3.3449999999999998
2516,5.0
2517,4.805
2518,6.55
2519,4.8
2520,4.02
2521,5.5
2522,18.5
2523,8.129999999999999
2524,2.6933333333333334
2525,5.2375
2526,9.64
2527,6.0325
2528,4.01
2529,7.455
2530,3.791428571428572
2531,4.5
2532,4.407142857142857
2533,6.85
2534,11.870000000000001
2535,10.89
2536,7.29
2537,19.95
2538,9.85
2539,5.61
2540,3.9749999999999996
2541,6.119999999999999
2542,17.0
2543,5.7925
2544,5.883333333333333
2545,59.75
2546,13.0
2547,3.5
2548,2.48
2549,4.09
2550,8.129999999999999
2551,7.5
2552,80.0
2553,1.1
2554,28.0
2555,3.5
2556,5.1
2557,39.0
2558,7.75
2559,6.5
2560,1.725
2561,4.0
2562,7.7
2563,4.066666666666666
2564,15.0
2565,14.055
2566,4.290000000000001
2567,1.95
2568,2.9
2569,9.523333333333333
2570,6.69
2571,21.869999999999997
2572,6.9
2573,24.75
2574,2.7
2575,14.0
2576,8.899999999999999
2577,5.416666666666667
2578,2.22
2579,8.8
2580,6.46
2581,8.206666666666667
2582,3.5
2583,12.93
2584,3.2
2585,14.25
2586,9.9
2587,6.51
2588,23.23
2589,6.5
2590,4.97
2591,2.95
2592,11.5
2593,12.375
2594,54.5
2595,6.5375000000000005
2596,25.599999999999998
2597,59.875
2598,4.5
2599,3.1327272727272724
2600,7.93
2601,4.575
2602,4.99
2603,2.2
2604,4.59
2605,13.549999999999999
2606,3.6799999999999997
2607,10.25
2608,14.875
2609,3.39
2610,7.25
2611,7.39
2612,10.533333333333333
2613,6.7
2614,6.5
2615,8.093333333333334
2616,2.29
2617,2.15
2618,5.72
2619,7.975
2620,5.521818181818182
2621,43.5
2622,5.135624999999999
2623,5.382
2624,1.5
2625,4.46
2626,44.5
2627,9.75
2628,3.5520000000000005
2629,6.4
2630,7.0
2631,4.133333333333334
2632,33.5
2633,4.5
2634,7.35
2635,3.6999999999999997
2636,8.795
2637,13.5
2638,1.95
2639,4.0375
2640,6.025
2641,2.7
2642,31.5
2643,5.529999999999999
2644,2.8
2645,5.3500000000000005
2646,8.25
2647,15.95
2648,7.35
2649,13.26
2650,6.346666666666667
2651,6.470000000000001
2652,13.0
2653,3.71
2654,5.66
2655,3.5
2656,4.95
2657,5.61
2658,3.25
2659,5.655
2660,4.75
2661,0.3
2662,1.6366666666666667
2663,2.306
2664,4.1
2665,2.9
2666,3.435
2667,2.092
2668,6.501818181818183
2669,6.92
2670,4.641666666666667
2671,5.25
2672,6.2
2673,7.236666666666667
2674,8.899999999999999
2675,2.7
2676,2.51
2677,4.55
2678,2.56
2679,1.1
2680,4.2
2681,3.2
2682,6.5
2683,4.2871428571428565
2684,7.5
2685,2.0
2686,7.315
2687,4.15
2688,28.5
2689,6.0
2690,3.7
2691,5.94
2692,6.8
2693,9.64
2694,4.38
2695,5.075
2696,4.93
2697,8.5
2698,8.95
2699,4.225
2700,1.7
2701,5.115
2702,4.26
2703,4.726666666666667
2704,9.52
2705,4.739999999999999
2706,15.0
2707,19.994999999999997
2708,6.5375000000000005
2709,14.28
2710,6.051111111111112
2711,8.7475
2712,2.43
2713,8.98
2714,5.0
2715,7.61
2716,5.96
2717,3.5
2718,2.85
2719,19.5
2720,4.324999999999999
2721,14.9
2722,2.4850000000000003
2723,2.78
2724,5.42
2725,6.0
2726,10.16
2727,7.0
2728,3.1
2729,4.242857142857143
2730,3.342
2731,0.949995
2732,3.5
2733,33.375
2734,2.85
2735,12.7
2736,12.75
2737,9.62
2738,23.25
2739,1.8599999999999999
2740,4.498333333333334
2741,18.75
2742,2.6399999999999997
2743,29.99
2744,4.96
2745,2.5
2746,3.6
2747,7.0
2748,5.67
2749,5.602
2750,3.1999999999999997
2751,12.0
2752,3.95
2753,4.255
2754,24.75
2755,10.835
2756,2.1
2757,42.5
2758,52.5
2759,9.0
2760,4.036666666666666
2761,12.75
2762,5.828
2763,8.28
2764,25.0
2765,5.45
2766,4.2375
2767,2.4
2768,0.5
2769,4.175
2770,19.994999999999997
2771,6.0
2772,0.85
2773,11.175
2774,3.4
2775,1.65
2776,0.88
2777,2.635
2778,3.75
2779,3.8
2780,5.521111111111111
2781,3.791428571428572
2782,13.0
2783,6.4
2784,9.9
2785,2.96
2786,10.5825
2787,5.7
2788,2.7
2789,10.2
2790,5.8625
2791,4.52
2792,2.7
2793,12.75
2794,4.602499999999999
2795,10.81
2796,5.602
2797,1.6483333333333332
2798,2.6
2799,3.9
2800,5.91
2801,5.95
2802,5.521818181818182
2803,3.6925
2804,5.8999999999999995
2805,2.86
2806,13.25
2807,15.1
2808,1.6483333333333332
2809,3.38
2810,7.375
2811,20.99
2812,1.25
2813,25.75
2814,10.365
2815,2.6900000000000004
2816,12.75
2817,2.825
2818,8.0
2819,2.55
2820,3.25
2821,3.435
2822,5.96
2823,2.83
2824,11.969999999999999
2825,14.0
2826,5.16
2827,9.28
2828,7.65
2829,5.662000000000001
2830,10.166666666666666
2831,4.5375
2832,8.0
2833,3.65
2834,3.72
2835,21.9
2836,9.9
2837,8.1
2838,16.4
2839,3.6799999999999997
2840,4.01
2841,4.245
2842,49.5
2843,2.0
2844,15.11
2845,17.875
2846,5.0
2847,7.25
2848,3.8800000000000003
2849,5.38
2850,3.71
2851,4.4
2852,41.0
2853,7.68
2854,4.76
2855,9.806666666666667
2856,36.0
2857,9.25
2858,1.6
2859,3.3
2860,14.0
2861,30.95
2862,7.285
2863,4.788571428571428
2864,2.855
2865,16.75
2866,3.14
2867,10.31
2868,1.975
2869,18.5
2870,6.49
2871,7.0
2872,9.65
2873,16.8
2874,2.0
2875,8.0
2876,2.855
2877,92.0
2878,9.19
2879,20.5
2880,17.0
2881,1.95
2882,5.55
2883,6.475
2884,4.99
2885,8.87
2886,5.64
2887,10.5
2888,4.64
2889,5.5
2890,4.0
2891,36.5
2892,22.23333333333333
2893,8.096363636363636
2894,14.56
2895,6.6000000000000005
2896,5.83
2897,5.686000000000001
2898,11.75
2899,1.8599999999999999
2900,5.505000000000001
2901,26.875
2902,14.45
2903,6.295
2904,4.739999999999999
2905,4.290000000000001
2906,2.8
2907,4.8100000000000005
2908,23.25
2909,16.5
2910,2.48
2911,5.7
2912,7.23
2913,9.425
2914,7.33142857142857
2915,2.8939999999999997
2916,4.505
2917,59.75
2918,9.94
2919,64.5
2920,10.774999999999999
2921,20.5
2922,4.925
2923,5.1
2924,9.0
2925,5.62
2926,4.84
2927,8.14
2928,6.9975000000000005
2929,9.596
2930,1.95
2931,3.2
2932,20.0
2933,6.34
2934,6.111428571428571
2935,9.46
2936,8.9
2937,3.5
2938,1.2
2939,4.8
2940,4.22
2941,11.54
2942,6.0
2943,2.15
2944,2.042142857142857
2945,29.0
2946,3.985
2947,4.1
2948,3.85
2949,21.5
2950,6.533000000000001
2951,6.953636363636363
2952,23.9
2953,8.3
2954,7.93
2955,2.13
2956,18.75
2957,43.0
2958,5.7
2959,5.3
2960,3.15
2961,20.85
2962,4.3
2963,45.5
2964,9.6
2965,19.75
2966,5.521818181818182
2967,2.0
2968,4.2
2969,8.36
2970,6.93
2971,7.315
2972,4.3
2973,6.233076923076924
2974,3.8024999999999998
2975,7.35375
2976,2.966
2977,25.5
2978,19.8
2979,18.5
2980,2.0
2981,2.99
2982,2.3
2983,2.08
2984,3.25
2985,5.95
2986,4.875
2987,5.0
2988,19.59
2989,3.4619999999999997
2990,7.34
2991,7.0
2992,3.0
2993,7.2
2994,6.2
2995,6.890625000000001
2996,6.17
2997,6.7
2998,35.166666666666664
2999,4.5
3000,6.25
3001,3.2625
3002,7.34
3003,3.95
3004,4.566666666666666
3005,4.35
3006,3.8
3007,16.5
3008,4.45
3009,11.025
3010,7.975
3011,3.3499999999999996
3012,92.0
3013,11.0
3014,1.8599999999999999
3015,3.25
3016,15.5
3017,30.0
3018,7.5
3019,1.25
3020,10.0
3021,14.0
3022,4.4375
3023,2.64
3024,6.5
3025,6.233076923076924
3026,6.17
3027,4.6414285714285715
3028,6.61
3029,8.7475
3030,2.5
3031,18.75
3032,10.5
3033,4.55
3034,7.5
3035,14.9
3036,2.305
3037,7.15
3038,12.366666666666667
3039,2.5
3040,5.43
3041,4.015000000000001
3042,2.94
3043,17.009999999999998
3044,5.035
3045,16.325
3046,12.716666666666667
3047,5.358750000000001
3048,2.96
3049,10.245000000000001
3050,4.75
3051,5.96
3052,4.4
3053,19.0
3054,1.87
3055,7.916666666666667
3056,1.9
3057,8.615
3058,4.25
3059,8.74
3060,5.0
3061,3.595
3062,5.7325
3063,6.5
3064,5.99
3065,6.640000000000001
3066,5.521818181818182
3067,53.0
3068,8.66
3069,9.94
3070,16.95
3071,2.9
3072,3.106666666666667
3073,8.083333333333334
3074,16.085714285714285
3075,10.0
3076,6.35
3077,5.2
3078,8.745000000000001
3079,20.0
3080,6.114999999999999
3081,30.95
3082,12.0
3083,0.6
3084,3.143333333333333
3085,11.675
3086,3.75
3087,4.6
3088,9.4
3089,37.5
3090,7.06
3091,9.4
3092,7.285
3093,2.65
3094,7.5
3095,5.8933333333333335
3096,6.114999999999999
3097,6.65
3098,5.970000000000001
3099,9.569999999999999
3100,22.0
3101,16.463333333333335
3102,6.381764705882354
3103,5.5249999999999995
3104,1.2
3105,2.45
3106,22.325000000000003
3107,2.125
3108,1.7650000000000001
3109,10.0
3110,6.69
3111,8.0
3112,24.0
3113,5.920000000000001
3114,2.15
3115,8.1
3116,3.5
3117,4.9975000000000005
3118,3.52
3119,2.875
3120,6.064166666666666
3121,5.5
3122,30.95
3123,14.25
3124,5.125
3125,5.0920000000000005
3126,2.125
3127,5.366666666666667
3128,3.93
3129,5.43
3130,13.956666666666669
3131,1.2
3132,3.3499999999999996
3133,10.8
3134,12.05
3135,1.4766666666666666
3136,1.55
3137,19.95
3138,7.25
3139,3.4966666666666666
3140,7.26
3141,1.45
3142,8.25
3143,6.0
3144,3.5
3145,19.455
3146,5.0
3147,10.5
3148,6.140000000000001
3149,29.5
3150,6.52625
3151,4.235
3152,2.03
3153,3.39
3154,16.68
3155,6.633333333333333
3156,7.087142857142857
3157,4.1899999999999995
3158,2.79
3159,6.890625000000001
3160,5.202500000000001
3161,5.755999999999999
3162,6.75
3163,4.65
3164,5.125
3165,5.45
3166,3.19
3167,36.0
3168,3.715
3169,6.53
3170,2.8939999999999997
3171,4.85
3172,3.2
3173,7.25
3174,11.0
3175,3.25
3176,7.0
3177,3.426666666666667
3178,4.81
3179,4.075
3180,5.61
3181,10.9
3182,6.0600000000000005
3183,2.99
3184,1.7
3185,3.233333333333333
3186,0.65
3187,2.6060000000000003
3188,4.786666666666667
3189,9.475
3190,29.0
3191,2.5
3192,6.5
3193,6.22
3194,6.3
3195,2.62
3196,5.465
3197,13.620000000000001
3198,3.62125
3199,17.5
3200,15.0
3201,3.65
3202,9.87
3203,3.67
3204,1.5
3205,12.25
3206,6.885
3207,7.25
3208,13.5
3209,5.206666666666666
3210,6.025
3211,5.529999999999999
3212,6.501818181818183
3213,11.4
3214,5.521818181818182
3215,6.25
3216,4.602499999999999
3217,3.26
3218,21.0
3219,11.235
3220,7.99
3221,8.185
3222,3.5999999999999996
3223,3.85
3224,13.95
3225,16.566666666666666
3226,8.185
3227,13.5
3228,28.0
3229,67.7
3230,1.45
3231,11.0
3232,6.0325
3233,8.40625
3234,15.875
3235,1.62
3236,1.65
3237,3.07
3238,4.3500000000000005
3239,14.19
3240,9.75
3241,2.7
3242,2.8244444444444445
3243,3.975
3244,6.13
3245,41.25
3246,2.25
3247,5.81
3248,2.9
3249,59.9
3250,1.1
3251,9.95
3252,7.35375
3253,11.79
3254,7.916666666666667
3255,7.33142857142857
3256,6.69
3257,14.0
3258,5.5
3259,115.0
3260,6.65
3261,16.7
3262,4.5424999999999995
3263,20.0
3264,1.722
3265,3.4066666666666667
3266,15.9
3267,2.526666666666667
3268,19.97
3269,3.6999999999999997
3270,22.5
3271,3.71
3272,5.950000000000001
3273,4.06
3274,4.65
3275,2.79
3276,6.7
3277,5.78
3278,2.13
3279,2.0
3280,6.8500000000000005
3281,3.79
3282,16.75
3283,5.65
3284,6.65
3285,8.795
3286,2.85
3287,6.6499999999999995
3288,6.11
3289,4.728333333333333
3290,1.9300000000000002
3291,10.06
3292,4.79
3293,12.0
3294,13.0
3295,4.14
3296,6.758333333333333
3297,4.6125
3298,6.051111111111112
3299,7.6
3300,8.95
3301,4.7
3302,26.9
3303,7.08
3304,19.95
3305,11.0
3306,17.3
3307,44.5
3308,5.85
3309,2.125
3310,3.3
3311,5.62
3312,2.77
3313,3.075
3314,4.135
3315,11.9
3316,6.255
3317,14.5
3318,8.25
3319,7.133333333333333
3320,8.55
3321,4.86
3322,5.65
3323,39.75
3324,5.593333333333334
3325,0.675
3326,2.3
3327,5.521818181818182
3328,6.140000000000001
3329,8.12
3330,4.78
3331,3.85
3332,5.897500000000001
3333,28.0
3334,2.7249999999999996
3335,3.106
3336,4.946
3337,7.25
3338,3.03
3339,2.466666666666667
3340,16.95
3341,3.9939999999999998
3342,6.5
3343,9.965
3344,2.76
3345,0.5
3346,3.5766666666666667
3347,7.93
3348,4.76
3349,1.0
3350,6.0
3351,5.0
3352,5.6275
3353,36.9
3354,1.7
3355,14.975
3356,20.5
3357,3.85
3358,2.8939999999999997
3359,13.370000000000001
3360,5.59
3361,7.255
3362,5.250000000000001
3363,7.99
3364,4.72
3365,24.99
3366,9.75
3367,4.36
3368,6.01
3369,3.715
3370,7.236666666666667
3371,4.65
3372,5.603333333333333
3373,3.0
3374,5.125
3375,14.0
3376,4.85
3377,5.75
3378,7.15
3379,11.5
3380,48.5
3381,38.75
3382,5.613333333333333
3383,19.0
3384,4.3533333333333335
3385,5.8
3386,2.27
3387,14.7
3388,34.5
3389,3.65
3390,18.5
3391,3.5
3392,1.25
3393,2.725
3394,8.75
3395,9.25
3396,9.4
3397,7.130909090909092
3398,6.91
3399,9.65
3400,2.5
3401,3.14
3402,4.6
3403,25.994999999999997
3404,1.1
3405,56.0
3406,4.0
3407,5.635
3408,6.1025
3409,6.0600000000000005
3410,3.7466666666666666
3411,3.5133333333333336
3412,5.84
3413,7.4
3414,6.32
3415,4.1
3416,4.75
3417,17.61
3418,92.0
3419,14.9
3420,10.75
3421,6.266666666666667
3422,7.85
3423,9.344999999999999
3424,36.0
3425,4.1
3426,7.25
3427,4.95
3428,3.68
3429,5.692
3430,3.25
3431,4.518571428571429
3432,7.75
3433,3.15
3434,2.43
3435,6.4423076923076925
3436,24.125
3437,17.25
3438,3.79
3439,26.95
3440,2.4
3441,3.15
3442,15.95
3443,3.385
3444,5.56
3445,3.4466666666666668
3446,4.644444444444445
3447,8.0
3448,15.75
3449,3.5
3450,4.615
3451,7.92
3452,6.8
3453,4.3950000000000005
3454,5.470000000000001
3455,36.5
3456,12.25
3457,7.33142857142857
3458,6.1499999999999995
3459,1.6
3460,5.596
3461,1.0
3462,9.0
3463,5.053333333333334
3464,5.013333333333333
3465,5.45
3466,8.5
3467,17.9
3468,0.9
3469,2.0
3470,7.0
3471,12.716666666666667
3472,2.6
3473,4.6579999999999995
3474,4.946
3475,110.0
3476,2.66
3477,3.81
3478,7.75
3479,3.25
3480,2.71
3481,5.025
3482,36.0
3483,3.99
3484,4.75
3485,11.4
3486,3.963333333333333
3487,7.75
3488,4.602499999999999
3489,4.486666666666666
